Distancia (pixeles),medicion 1,medicion 2,medicion 3,medicion 4,medicion 5,medicion 6,medicion 7,medicion 8,medicion 9,medicion 10,medicion 11,medicion 12,medicion 13,medicion 14,medicion 15,medicion 16,medicion 17,medicion 18,medicion 19,medicion 20,medicion 21,medicion 22,medicion 23,medicion 24
0,150.667,130.0,55.333,59.333,34.333,28.666999999999998,19.667,16.0,14.0,10.667,11.333,9.333,11.0,17.0,13.667,11.333,10.0,9.333,9.333,6.667000000000001,8.0,5.332999999999999,5.0,5.0
1,146.667,128.333,61.667,60.333,33.667,30.333000000000002,20.666999999999998,17.0,14.0,10.667,11.333,9.333,11.0,17.667,13.667,11.333,10.0,9.333,9.333,6.667000000000001,8.0,5.332999999999999,5.0,5.0
2,145.667,133.333,60.0,59.333,36.0,27.0,22.333000000000002,17.0,14.0,11.333,11.333,9.333,11.0,17.667,13.667,12.333,10.0,9.333,9.333,6.667000000000001,8.0,5.332999999999999,5.0,5.0
3,147.667,132.667,60.333,60.333,32.333,28.666999999999998,23.333000000000002,17.0,14.0,11.333,12.667,9.333,10.667,17.667,13.667,12.333,10.0,9.333,9.333,6.667000000000001,8.0,5.332999999999999,5.0,5.0
4,151.667,128.333,56.333,60.333,28.333000000000002,25.666999999999998,24.666999999999998,17.667,14.0,12.667,12.667,9.333,10.667,17.667,13.667,12.333,10.0,10.0,9.333,6.667000000000001,8.0,5.332999999999999,5.0,5.0
5,157.667,119.667,59.0,62.333,26.0,25.333000000000002,24.666999999999998,17.333,14.0,12.667,12.667,9.333,9.333,18.0,13.667,12.333,10.0,10.0,9.0,6.332999999999999,8.0,5.332999999999999,5.0,5.0
6,150.667,130.333,59.0,62.333,24.333000000000002,25.333000000000002,24.333000000000002,18.333,14.667,13.333,12.667,10.0,9.333,17.333,13.667,12.667,10.0,10.0,9.0,6.332999999999999,8.0,5.332999999999999,5.0,5.0
7,144.667,132.333,62.667,63.0,28.333000000000002,25.333000000000002,22.333000000000002,17.333,14.0,13.333,12.667,10.0,10.0,17.0,13.667,12.667,10.0,10.0,9.0,6.332999999999999,8.0,5.332999999999999,5.0,4.0
8,155.0,130.333,60.0,65.333,33.0,25.666999999999998,22.333000000000002,18.667,14.0,13.333,12.667,10.0,10.0,17.333,13.667,12.667,10.0,10.0,9.0,6.332999999999999,8.0,5.332999999999999,5.0,4.0
9,165.0,132.333,54.667,66.667,28.666999999999998,27.0,22.666999999999998,19.333,14.0,13.333,12.333,10.0,10.667,18.0,14.0,12.667,10.0,10.0,9.0,6.332999999999999,8.0,5.0,4.0,3.333
10,158.0,143.333,57.667,66.0,28.0,26.666999999999998,23.0,17.667,14.0,13.333,12.333,10.0,10.667,17.0,14.667,12.333,10.0,10.0,9.0,6.332999999999999,8.0,5.0,4.0,3.333
11,156.0,134.0,63.333,67.333,32.667,26.333000000000002,22.0,18.0,15.0,13.333,11.333,10.0,11.0,17.667,14.0,12.333,10.0,10.0,9.0,6.667000000000001,7.667000000000001,5.0,5.0,3.333
12,153.333,130.333,62.333,67.0,33.333,26.666999999999998,22.0,17.667,15.0,13.333,11.333,10.0,11.0,17.333,15.333,11.333,10.0,10.0,9.0,6.667000000000001,7.667000000000001,5.0,5.0,3.333
13,150.667,130.0,61.333,67.0,29.0,26.333000000000002,23.0,18.667,15.667,13.333,11.333,10.0,11.0,17.667,15.333,11.333,10.0,10.0,9.0,7.667000000000001,7.667000000000001,5.0,5.0,3.333
14,144.667,129.0,59.667,64.667,27.0,25.666999999999998,24.333000000000002,19.333,15.667,13.333,11.333,9.333,11.0,17.667,15.333,11.0,11.0,11.0,9.0,7.667000000000001,7.667000000000001,5.0,5.0,3.333
15,144.667,134.333,59.333,67.0,26.0,25.333000000000002,23.333000000000002,21.0,15.667,13.333,11.333,9.333,11.333,18.0,15.0,11.0,11.0,11.0,9.0,8.0,7.667000000000001,5.332999999999999,5.0,3.333
16,154.0,147.0,60.0,68.667,26.0,27.0,23.333000000000002,22.0,16.0,13.333,11.333,9.333,11.333,17.667,15.333,11.0,11.0,11.0,9.0,8.0,7.667000000000001,5.332999999999999,5.0,3.333
17,151.0,129.667,62.0,68.0,28.333000000000002,26.333000000000002,23.0,22.0,15.667,13.333,11.0,9.333,11.333,17.333,14.0,11.0,11.0,11.0,9.0,8.0,7.667000000000001,6.332999999999999,5.0,4.0
18,151.0,129.667,63.667,66.667,30.666999999999998,27.0,21.0,22.666999999999998,16.333,13.667,11.0,9.333,11.333,17.0,15.0,11.0,11.0,11.0,9.0,8.0,7.667000000000001,6.332999999999999,5.0,4.0
19,154.333,131.667,65.0,66.667,31.333000000000002,31.666999999999998,22.0,22.666999999999998,16.0,13.667,11.0,9.333,11.333,16.333,13.333,11.0,11.0,11.0,9.0,8.0,7.667000000000001,6.332999999999999,5.332999999999999,4.0
20,156.333,138.667,65.0,67.667,33.0,31.666999999999998,22.666999999999998,23.0,15.667,13.667,11.0,10.667,11.333,16.333,13.667,11.333,11.0,11.0,9.0,8.0,7.667000000000001,6.332999999999999,5.332999999999999,4.0
21,154.0,131.0,64.0,67.667,31.333000000000002,31.666999999999998,22.666999999999998,23.0,15.667,13.667,11.333,10.667,11.333,17.667,13.667,11.333,11.0,11.0,9.0,8.0,8.0,6.332999999999999,5.332999999999999,4.0
22,155.0,124.333,61.667,68.333,31.333000000000002,32.333,23.0,23.0,15.667,13.667,11.333,11.0,11.333,17.667,13.667,11.333,11.0,10.0,9.0,8.0,8.0,6.332999999999999,5.332999999999999,4.0
23,157.333,128.0,60.333,65.333,31.0,32.333,22.0,21.0,15.667,13.667,11.333,11.0,12.333,18.333,13.333,11.333,11.0,10.0,9.0,8.0,9.0,6.332999999999999,5.332999999999999,5.0
24,165.333,133.0,60.333,66.0,30.333000000000002,30.666999999999998,24.0,22.0,16.333,13.667,11.333,11.0,12.333,17.667,14.0,12.667,11.333,10.0,9.0,8.0,9.0,6.332999999999999,5.332999999999999,5.0
25,160.333,149.333,55.667,66.667,30.333000000000002,31.333000000000002,23.0,19.667,15.667,13.667,12.333,11.0,12.333,17.333,16.333,12.667,11.333,10.0,8.0,8.0,9.0,6.332999999999999,5.332999999999999,5.0
26,153.333,135.333,62.333,66.667,31.0,30.0,24.333000000000002,21.666999999999998,17.0,13.667,12.333,11.0,12.333,17.0,17.0,12.667,11.333,10.0,8.0,8.0,9.0,6.332999999999999,5.332999999999999,5.0
27,157.667,134.333,64.0,68.333,31.666999999999998,30.0,24.0,21.0,15.667,13.667,12.333,11.0,12.333,17.333,17.667,12.667,11.333,10.0,8.0,8.0,9.0,6.332999999999999,5.332999999999999,5.0
28,155.667,139.0,64.0,68.667,32.333,29.0,23.333000000000002,22.0,15.667,13.667,12.333,11.0,12.333,16.333,19.667,12.667,11.333,10.0,8.0,8.0,9.0,6.332999999999999,5.332999999999999,5.0
29,157.667,139.667,63.667,70.0,33.667,29.666999999999998,22.0,20.666999999999998,15.0,13.667,12.333,11.0,12.333,17.0,20.666999999999998,12.667,11.333,10.0,8.333,9.0,9.0,6.332999999999999,5.332999999999999,5.0
30,163.667,139.667,64.333,69.333,37.0,30.333000000000002,22.333000000000002,22.333000000000002,17.0,13.667,12.333,11.0,12.333,16.333,21.0,13.333,11.333,10.0,8.333,9.0,9.0,6.332999999999999,5.332999999999999,5.0
31,160.333,138.333,67.0,68.667,37.333,33.667,22.666999999999998,21.0,16.333,13.667,12.667,11.0,12.333,17.667,20.666999999999998,13.333,11.333,10.0,9.0,9.0,9.0,6.332999999999999,5.332999999999999,4.0
32,158.667,143.333,66.333,68.667,36.333,31.333000000000002,22.333000000000002,20.666999999999998,16.333,13.667,12.667,11.0,12.333,17.667,22.333000000000002,13.667,11.333,10.0,9.0,9.0,9.0,6.332999999999999,5.332999999999999,4.0
33,160.667,148.667,66.333,70.333,39.667,24.0,23.333000000000002,21.0,16.333,13.667,13.333,11.0,12.333,18.667,21.666999999999998,13.667,11.333,10.0,9.0,9.0,8.333,6.332999999999999,5.0,4.0
34,158.333,137.667,68.0,71.0,42.667,24.666999999999998,24.333000000000002,21.666999999999998,16.333,13.667,13.333,11.333,12.333,17.333,22.0,13.667,11.333,10.0,9.0,9.0,8.333,6.332999999999999,5.0,4.0
35,159.667,142.333,67.333,71.0,42.0,25.333000000000002,24.333000000000002,23.333000000000002,17.0,13.667,12.333,11.333,12.333,17.667,19.333,13.667,11.333,10.0,9.333,9.0,7.667000000000001,5.667000000000001,5.0,4.0
36,157.333,145.0,66.667,75.667,41.333,26.0,24.333000000000002,24.333000000000002,17.0,13.667,12.333,12.333,12.333,18.0,18.333,13.667,10.667,10.0,9.333,9.0,7.667000000000001,5.667000000000001,5.0,4.0
37,151.0,139.0,67.0,71.0,40.333,35.0,25.0,24.333000000000002,18.333,13.667,12.333,12.333,12.333,18.333,13.667,13.667,10.667,10.0,10.0,9.333,7.667000000000001,6.332999999999999,5.0,4.0
38,161.667,142.333,67.667,77.667,41.333,35.667,28.0,24.666999999999998,19.333,13.667,12.333,12.333,12.333,18.0,13.667,13.667,10.0,10.0,10.0,9.333,7.667000000000001,6.332999999999999,5.0,4.0
39,163.0,153.333,70.667,72.0,44.333,37.333,27.333000000000002,24.333000000000002,20.0,14.0,12.667,12.333,12.333,19.667,13.667,13.667,10.0,10.0,9.333,9.333,7.667000000000001,6.332999999999999,5.0,4.0
40,163.0,144.667,70.667,73.0,44.333,33.333,25.0,24.333000000000002,19.333,14.0,12.667,12.667,12.333,19.667,13.667,13.667,11.0,10.667,9.333,9.333,7.667000000000001,6.332999999999999,5.0,4.0
41,165.0,142.667,73.667,71.333,40.333,33.333,24.666999999999998,24.333000000000002,20.666999999999998,13.667,12.333,12.667,12.667,21.666999999999998,13.667,13.667,11.0,10.667,9.333,9.333,8.333,6.667000000000001,6.667000000000001,5.0
42,165.0,142.667,73.667,71.667,36.667,33.333,25.0,24.666999999999998,21.0,13.667,12.333,12.667,12.333,21.666999999999998,13.667,14.0,11.0,11.0,9.333,9.333,8.333,6.667000000000001,6.667000000000001,5.0
43,162.667,142.0,72.333,71.0,36.333,33.333,26.333000000000002,24.666999999999998,19.667,13.667,11.333,12.667,12.667,22.0,14.0,14.0,11.0,11.0,9.0,9.333,9.0,7.667000000000001,8.333,5.332999999999999
44,164.0,144.333,71.333,71.333,36.333,36.0,27.333000000000002,24.0,20.333,14.0,11.333,13.333,12.667,22.0,14.667,14.0,11.333,11.0,9.0,9.333,9.0,7.667000000000001,8.333,5.332999999999999
45,163.333,148.333,70.667,72.333,36.667,36.667,27.0,24.0,20.666999999999998,14.0,12.667,13.333,13.333,22.0,17.667,14.0,11.333,11.0,9.0,9.333,9.0,7.667000000000001,9.0,5.332999999999999
46,162.333,155.333,70.667,72.333,37.667,38.0,27.0,24.333000000000002,20.333,14.0,12.667,13.333,13.333,20.666999999999998,19.333,14.0,12.333,11.0,9.0,9.333,9.0,7.667000000000001,9.0,5.332999999999999
47,162.667,161.667,70.667,72.333,39.667,41.333,26.333000000000002,24.333000000000002,20.666999999999998,14.0,12.667,13.333,13.333,20.0,22.0,14.0,12.333,11.0,9.0,9.333,9.333,8.0,8.333,5.667000000000001
48,163.667,146.333,67.333,73.333,41.667,39.333,28.0,24.333000000000002,20.333,15.0,13.0,13.333,13.333,21.666999999999998,23.0,15.0,12.667,11.0,9.0,9.333,9.333,8.0,8.333,5.667000000000001
49,162.0,147.667,67.0,72.333,43.0,39.333,28.666999999999998,24.333000000000002,18.667,15.0,12.667,13.333,12.667,22.0,26.333000000000002,15.0,12.667,11.0,9.0,9.333,9.333,8.0,7.667000000000001,6.332999999999999
50,159.0,145.667,69.667,76.333,45.333,37.667,29.666999999999998,24.666999999999998,20.0,15.0,12.667,13.333,12.667,21.666999999999998,28.0,15.0,12.667,11.0,9.0,9.333,9.333,8.0,7.667000000000001,6.332999999999999
51,164.0,144.0,69.667,72.333,45.667,34.667,30.333000000000002,24.333000000000002,19.667,15.0,12.667,13.333,12.667,21.666999999999998,28.0,15.667,12.667,11.0,9.333,9.0,10.0,8.0,6.332999999999999,6.667000000000001
52,165.0,142.667,70.667,76.0,46.333,36.0,31.0,24.0,19.333,15.0,12.667,13.667,12.667,21.666999999999998,28.666999999999998,14.667,12.667,11.0,9.333,9.0,10.0,8.0,6.332999999999999,6.667000000000001
53,168.333,145.667,72.667,72.667,44.667,37.667,28.333000000000002,23.333000000000002,22.0,16.0,12.667,13.667,12.667,21.0,28.666999999999998,15.333,12.667,11.0,10.0,9.0,10.0,9.0,5.332999999999999,6.667000000000001
54,169.333,147.0,71.0,76.0,43.0,40.0,27.666999999999998,24.0,21.666999999999998,17.0,12.667,13.667,12.667,20.333,22.0,15.333,12.667,11.0,10.0,9.0,10.0,9.0,5.332999999999999,6.667000000000001
55,169.333,149.667,69.333,77.0,41.333,43.667,26.666999999999998,25.666999999999998,22.666999999999998,18.333,12.667,13.667,13.333,22.333000000000002,17.667,16.0,12.667,11.0,11.0,9.0,9.0,9.0,5.332999999999999,7.667000000000001
56,161.333,152.667,69.333,75.333,42.0,41.667,27.333000000000002,28.666999999999998,23.0,18.667,12.667,13.667,13.333,22.666999999999998,15.333,15.0,12.333,11.333,11.0,9.0,9.0,9.0,5.332999999999999,7.667000000000001
57,172.333,150.333,70.667,77.667,44.667,41.0,28.333000000000002,25.666999999999998,22.333000000000002,18.333,13.333,13.667,14.0,24.333000000000002,13.333,15.0,12.333,11.333,11.333,9.0,9.0,9.0,5.332999999999999,7.667000000000001
58,177.333,151.667,67.667,84.667,44.667,39.667,28.333000000000002,30.333000000000002,22.666999999999998,20.0,13.333,13.667,15.0,24.0,13.333,15.333,12.333,11.333,11.333,9.0,9.0,9.0,5.332999999999999,7.667000000000001
59,174.667,154.0,66.0,77.667,45.0,37.667,29.333000000000002,28.0,22.333000000000002,18.0,13.667,13.667,14.667,24.0,13.333,15.667,12.333,11.333,11.333,9.0,9.0,9.0,5.332999999999999,6.667000000000001
60,183.0,154.0,67.333,79.0,45.0,43.0,30.0,28.0,22.333000000000002,16.0,13.667,14.0,15.0,24.0,13.333,15.0,12.333,11.333,11.333,9.0,9.0,9.0,5.332999999999999,6.667000000000001
61,178.333,153.667,69.0,80.333,44.667,48.333,28.333000000000002,23.333000000000002,22.0,16.333,13.667,14.0,14.667,24.333000000000002,13.333,16.0,12.333,11.333,11.333,9.0,9.0,9.0,6.332999999999999,6.667000000000001
62,166.667,155.333,70.0,78.0,45.333,40.0,30.666999999999998,25.333000000000002,22.666999999999998,16.333,13.667,14.0,15.0,24.0,14.667,15.667,12.667,12.333,11.333,9.0,9.0,9.0,6.332999999999999,6.667000000000001
63,172.667,163.667,69.667,79.0,45.333,38.0,29.0,25.666999999999998,22.333000000000002,16.0,13.667,14.0,14.0,23.333000000000002,18.0,16.0,13.0,12.333,11.333,9.333,9.0,9.333,6.332999999999999,6.667000000000001
64,181.0,160.0,74.333,76.333,45.333,41.0,31.333000000000002,28.0,22.333000000000002,17.0,13.667,14.0,14.667,24.666999999999998,20.0,14.667,13.333,12.667,11.333,9.333,9.0,9.333,6.332999999999999,6.667000000000001
65,175.667,168.667,85.667,79.0,44.333,40.667,30.666999999999998,28.0,22.333000000000002,16.333,14.0,14.0,14.667,25.333000000000002,24.666999999999998,15.333,14.667,12.667,11.333,9.333,11.0,9.333,7.667000000000001,6.667000000000001
66,172.0,168.667,75.667,79.667,43.333,44.0,29.0,28.0,22.333000000000002,18.0,15.0,14.0,15.0,25.0,31.333000000000002,15.667,14.0,12.667,11.333,9.333,11.0,9.333,7.667000000000001,6.667000000000001
67,166.667,169.667,76.333,80.333,45.667,41.667,30.0,28.0,22.0,18.333,15.0,14.0,15.333,25.333000000000002,43.333,16.0,14.667,12.667,11.333,10.667,12.333,9.333,9.333,7.667000000000001
68,176.0,175.333,77.0,82.333,48.333,42.333,30.0,28.0,22.0,22.666999999999998,15.0,13.667,15.0,25.666999999999998,54.333,15.0,14.0,13.333,11.333,10.667,13.333,9.333,9.333,7.667000000000001
69,175.667,165.667,77.0,80.667,48.0,43.667,30.333000000000002,27.333000000000002,22.333000000000002,24.333000000000002,15.333,13.667,15.333,26.333000000000002,50.667,16.0,14.0,13.333,12.333,11.0,13.333,9.333,12.667,9.0
70,178.0,155.0,77.0,81.333,47.333,43.667,29.666999999999998,26.666999999999998,23.0,25.0,15.333,13.667,16.0,25.333000000000002,50.667,16.0,15.333,13.667,12.333,11.0,15.0,9.333,12.667,9.0
71,184.667,152.333,79.0,82.333,50.0,44.333,33.667,27.666999999999998,23.0,25.0,15.333,14.0,16.333,25.333000000000002,49.0,19.333,16.0,13.333,12.667,11.0,15.0,9.333,14.0,9.0
72,180.333,152.333,78.0,81.0,52.333,45.667,35.667,29.0,23.0,24.666999999999998,15.333,13.667,16.333,24.0,46.333,18.0,16.0,13.667,12.667,11.0,15.0,9.333,14.0,9.0
73,171.667,158.667,77.667,81.667,50.0,44.333,37.0,28.333000000000002,24.0,24.0,16.333,13.667,15.667,24.666999999999998,42.0,17.667,17.333,13.667,13.333,11.0,15.333,10.0,14.0,9.333
74,182.333,157.667,76.333,80.667,51.0,45.667,38.333,28.333000000000002,25.333000000000002,22.0,16.333,14.667,15.667,24.333000000000002,29.333000000000002,18.0,14.0,13.667,13.333,11.0,16.0,10.0,14.0,9.333
75,185.0,150.0,75.667,77.667,51.333,44.0,35.0,31.333000000000002,24.0,21.0,16.0,15.333,16.0,25.666999999999998,24.0,18.0,15.0,13.667,13.333,11.0,14.667,10.667,13.333,9.333
76,174.667,152.333,76.333,79.333,52.0,43.333,32.667,34.667,23.333000000000002,16.0,16.0,15.0,15.333,26.333000000000002,17.0,17.333,14.0,13.667,13.333,11.0,15.333,10.667,13.333,9.333
77,172.667,150.667,75.333,81.333,49.667,44.667,33.0,35.333,24.0,15.667,15.667,15.333,15.667,28.0,12.667,16.333,14.667,13.667,13.667,11.0,12.667,11.0,12.333,9.333
78,182.667,156.0,81.667,81.333,49.667,47.667,33.0,36.0,24.333000000000002,16.0,15.333,17.333,16.333,28.0,12.667,14.0,13.667,13.667,13.667,11.0,12.667,11.0,12.333,9.333
79,183.333,158.333,82.667,81.333,50.667,50.667,38.667,31.333000000000002,24.0,16.0,16.333,16.0,16.0,28.0,12.667,15.0,15.0,13.667,13.667,11.0,11.333,12.333,10.667,9.333
80,181.0,151.333,78.667,80.333,52.667,52.0,43.333,33.0,24.666999999999998,17.333,17.0,16.333,15.0,26.333000000000002,12.667,15.0,13.333,15.0,13.667,11.0,11.333,12.333,10.667,9.333
81,183.667,153.333,80.333,79.333,53.0,54.333,42.0,29.333000000000002,24.666999999999998,20.333,17.0,16.0,15.0,25.666999999999998,13.667,15.667,13.667,15.0,13.667,11.0,9.333,12.667,8.0,9.333
82,182.667,157.0,79.0,79.333,53.0,52.0,40.333,34.667,25.333000000000002,34.333,17.333,14.667,15.0,25.666999999999998,14.667,16.0,14.0,14.0,13.667,11.0,9.333,12.667,8.0,9.333
83,176.333,155.667,77.333,80.333,53.333,48.667,41.333,37.0,25.666999999999998,36.333,17.667,15.333,15.0,26.333000000000002,40.667,17.333,14.0,14.667,13.667,11.0,9.333,12.667,5.332999999999999,9.0
84,177.333,157.667,75.333,78.667,53.333,48.667,42.0,37.667,27.666999999999998,53.667,18.333,15.0,15.0,28.0,43.333,17.667,14.0,15.333,13.667,11.0,9.333,12.667,5.332999999999999,9.0
85,179.0,165.667,78.0,81.333,54.333,47.333,42.667,36.667,32.667,58.333,18.667,15.333,15.0,28.0,55.667,19.333,14.667,16.0,13.333,11.0,9.333,13.333,5.332999999999999,8.333
86,178.0,157.667,80.333,82.333,53.333,46.667,42.667,36.667,33.333,58.667,20.333,15.667,17.0,27.333000000000002,62.333,22.333000000000002,15.0,16.333,13.333,11.0,9.333,14.0,5.332999999999999,8.333
87,178.333,156.667,81.0,80.0,62.333,48.667,42.333,35.333,32.0,49.333,21.0,16.333,18.0,26.333000000000002,77.0,24.333000000000002,17.667,16.0,13.333,11.333,9.333,13.667,5.332999999999999,8.0
88,177.0,164.667,81.0,78.0,54.667,49.333,42.333,35.333,30.333000000000002,44.333,21.666999999999998,16.0,18.333,27.666999999999998,85.0,26.333000000000002,20.666999999999998,16.333,13.333,11.333,9.333,13.667,5.332999999999999,8.0
89,184.0,168.333,81.0,80.333,54.0,50.667,41.0,34.333,28.0,38.0,22.0,16.333,20.666999999999998,28.333000000000002,97.667,28.0,22.0,15.667,13.333,12.667,11.333,13.667,5.332999999999999,8.0
90,188.0,160.0,81.667,78.0,54.0,51.667,42.0,32.667,24.333000000000002,29.666999999999998,22.333000000000002,16.333,19.667,31.333000000000002,102.333,26.333000000000002,22.0,15.333,13.333,12.667,11.333,13.667,5.332999999999999,8.0
91,180.0,156.0,81.333,82.667,52.667,53.333,41.0,33.667,22.333000000000002,18.333,22.333000000000002,16.0,19.333,36.667,95.0,28.0,22.333000000000002,15.333,13.333,12.667,18.333,13.667,8.0,8.0
92,177.333,163.0,81.333,83.0,55.333,53.333,41.0,34.333,23.0,15.667,22.333000000000002,15.667,20.333,39.0,95.667,27.333000000000002,22.0,15.667,13.333,12.667,18.0,13.667,8.0,8.0
93,180.0,168.333,82.667,83.667,60.333,54.0,40.667,34.333,23.0,15.667,21.666999999999998,16.333,19.333,39.667,92.0,24.666999999999998,21.666999999999998,15.667,13.667,12.667,22.333000000000002,12.667,12.333,9.0
94,178.667,157.0,82.0,89.333,61.0,55.333,42.667,34.333,22.666999999999998,15.667,22.333000000000002,16.333,18.667,36.333,75.0,22.666999999999998,21.666999999999998,15.667,13.667,12.667,26.666999999999998,12.667,12.333,9.0
95,178.667,158.333,86.667,83.333,59.333,58.333,44.333,33.333,33.0,15.667,20.666999999999998,17.0,19.667,32.333,69.667,22.333000000000002,20.666999999999998,16.0,13.667,12.667,27.666999999999998,12.333,13.667,10.0
96,180.0,159.667,88.0,76.0,59.333,55.667,43.333,33.333,34.333,22.666999999999998,20.333,19.667,17.667,29.0,55.0,20.666999999999998,18.667,17.667,14.0,12.667,35.333,12.333,17.0,10.0
97,179.333,159.333,91.333,83.333,57.667,55.0,44.0,35.667,36.333,39.333,21.0,19.667,17.667,26.0,36.0,20.0,18.333,16.333,13.667,12.667,40.333,11.333,21.333000000000002,11.0
98,178.0,161.0,84.0,85.0,58.333,54.333,44.667,39.667,37.0,67.333,21.666999999999998,19.667,17.667,25.0,21.666999999999998,18.667,17.0,17.333,14.667,13.0,36.333,11.333,26.0,11.0
99,182.0,165.0,86.0,83.333,58.333,54.0,43.333,41.0,37.667,80.0,23.0,19.667,17.667,24.0,18.0,19.667,17.667,17.0,14.0,12.667,31.333000000000002,11.333,27.666999999999998,11.333
100,179.667,156.0,87.0,81.667,60.333,53.0,44.0,41.0,40.0,94.667,22.333000000000002,20.0,17.667,25.0,18.0,16.333,17.667,18.333,14.667,12.667,31.333000000000002,11.333,29.0,11.333
101,174.0,153.0,88.667,83.0,60.667,54.333,44.667,39.667,37.0,92.333,23.0,19.667,20.333,27.0,18.0,17.667,16.333,18.667,14.667,12.667,32.0,12.333,31.333000000000002,12.667
102,179.667,148.333,87.667,81.667,61.333,53.667,45.333,38.0,38.333,96.667,23.333000000000002,20.0,20.666999999999998,26.333000000000002,18.0,17.667,16.333,18.0,14.667,12.667,32.0,12.333,33.0,13.667
103,179.667,156.333,86.667,82.667,62.0,52.667,44.667,35.333,33.333,108.333,23.333000000000002,19.667,21.666999999999998,28.0,21.666999999999998,17.667,16.333,18.0,13.333,13.333,27.666999999999998,13.333,28.666999999999998,16.0
104,181.0,157.667,88.0,89.0,62.0,55.333,44.667,35.333,27.333000000000002,100.0,23.333000000000002,20.333,26.666999999999998,26.666999999999998,38.0,20.0,18.0,18.333,14.667,13.333,22.333000000000002,13.333,24.666999999999998,16.0
105,182.0,160.333,87.333,88.333,62.667,57.667,44.0,35.333,24.333000000000002,96.0,23.0,21.666999999999998,26.333000000000002,29.333000000000002,73.0,22.666999999999998,18.333,19.333,13.333,13.333,18.333,14.0,22.333000000000002,17.0
106,181.0,163.0,85.667,84.333,63.667,53.667,41.333,35.333,22.666999999999998,90.0,23.333000000000002,22.333000000000002,25.666999999999998,31.333000000000002,85.333,25.666999999999998,20.333,20.0,14.667,13.333,15.333,15.0,20.333,17.333
107,173.333,162.0,86.333,77.0,62.333,52.0,44.0,35.333,22.0,66.667,22.0,22.333000000000002,28.333000000000002,36.667,99.667,28.666999999999998,21.0,20.666999999999998,13.667,13.333,10.667,18.0,16.333,17.333
108,180.333,162.0,88.333,78.0,65.667,53.333,44.667,37.0,23.333000000000002,48.333,22.0,21.666999999999998,28.333000000000002,42.667,105.667,31.666999999999998,24.0,21.0,14.0,13.333,10.667,18.667,14.667,15.667
109,180.667,168.333,90.333,78.0,70.0,55.0,44.0,39.0,29.0,21.666999999999998,20.666999999999998,21.666999999999998,28.333000000000002,45.667,127.667,37.667,29.666999999999998,20.333,13.667,13.667,10.0,20.666999999999998,11.667,15.333
110,179.667,173.333,92.0,76.333,66.667,56.0,46.0,40.0,38.333,22.0,22.333000000000002,21.0,29.0,48.667,139.0,40.0,38.667,20.666999999999998,13.667,14.0,10.0,20.666999999999998,10.667,15.667
111,179.667,173.333,91.667,79.0,63.333,60.0,44.667,40.667,46.0,20.666999999999998,22.0,20.666999999999998,25.333000000000002,51.333,146.0,42.333,38.0,20.333,13.667,14.667,10.0,25.0,9.0,13.667
112,178.0,173.333,86.333,78.0,66.0,60.667,45.333,40.667,59.333,22.0,23.0,20.666999999999998,23.333000000000002,46.667,147.0,41.667,35.333,20.0,13.667,14.0,10.0,23.0,9.0,13.333
113,182.0,172.667,84.0,78.0,61.667,64.667,45.667,38.667,59.0,29.333000000000002,22.333000000000002,20.666999999999998,19.667,42.0,143.667,40.0,36.667,20.0,14.667,15.0,11.333,22.0,7.667000000000001,11.0
114,182.0,166.667,88.667,80.333,61.0,56.0,45.0,42.0,61.333,62.333,21.0,20.333,17.667,36.333,137.667,36.333,36.0,18.667,15.0,15.667,11.333,22.333000000000002,7.667000000000001,11.0
115,178.0,169.333,94.667,78.0,60.333,52.0,42.667,41.333,59.667,76.333,21.0,20.0,17.333,37.667,131.333,32.333,35.333,17.667,18.0,17.0,19.667,22.666999999999998,8.0,9.0
116,171.0,167.0,90.0,77.667,59.333,56.667,40.333,42.0,58.0,99.667,21.0,20.333,17.333,34.667,126.667,26.0,33.0,16.333,19.667,16.333,19.333,20.0,8.0,9.0
117,199.667,167.667,96.333,82.333,64.333,58.0,40.667,44.0,54.667,110.667,20.333,21.0,18.0,29.0,112.667,20.333,30.0,17.333,21.666999999999998,18.333,24.333000000000002,18.667,9.333,8.0
118,220.667,168.667,92.333,81.0,65.0,58.0,41.333,42.0,41.333,124.0,20.333,21.0,17.667,25.666999999999998,92.667,15.333,22.333000000000002,17.0,22.666999999999998,17.333,28.0,19.667,9.333,8.0
119,233.333,175.0,90.667,81.0,76.333,57.0,40.333,43.0,23.666999999999998,136.0,18.333,21.0,20.333,24.333000000000002,86.667,15.333,22.0,17.333,22.0,16.0,41.667,15.333,12.667,7.667000000000001
120,233.333,172.0,94.667,81.667,71.0,58.0,43.333,44.0,18.667,139.333,18.667,21.666999999999998,22.666999999999998,24.666999999999998,66.333,14.0,13.667,17.667,23.0,18.0,37.667,15.333,12.667,7.667000000000001
121,236.0,167.667,91.0,81.0,71.0,58.333,43.333,44.667,17.0,136.333,20.666999999999998,21.666999999999998,40.0,23.0,44.0,14.0,13.667,19.333,24.666999999999998,18.333,59.0,13.333,16.333,7.667000000000001
122,236.0,168.667,88.333,79.0,75.667,56.667,45.667,44.667,17.0,129.333,21.0,22.0,42.333,25.666999999999998,34.0,14.0,13.333,21.0,25.0,16.0,62.0,13.333,20.333,7.667000000000001
123,235.0,167.333,91.333,79.0,70.667,55.667,48.333,43.667,17.0,114.667,22.666999999999998,22.333000000000002,53.0,38.667,35.333,14.667,13.333,22.0,23.333000000000002,13.667,67.0,11.333,34.667,8.0
124,235.0,166.333,91.333,80.667,66.667,58.333,49.667,43.0,20.0,112.667,22.666999999999998,24.0,55.333,45.667,29.666999999999998,17.0,13.333,25.333000000000002,23.0,14.667,66.333,11.333,40.667,8.0
125,232.667,165.0,90.333,81.667,63.333,66.333,48.0,42.333,41.667,90.0,25.0,22.333000000000002,58.333,50.333,35.667,19.333,13.333,33.0,23.333000000000002,13.667,64.667,11.333,50.667,10.667
126,231.667,165.0,89.0,81.667,61.667,60.333,46.667,42.333,65.0,92.667,25.0,22.0,67.667,57.0,51.667,26.666999999999998,14.0,29.333000000000002,23.333000000000002,14.0,66.333,11.333,54.667,10.667
127,218.0,166.667,89.0,83.0,60.333,59.0,47.333,44.667,89.667,53.0,25.666999999999998,22.0,64.333,62.667,76.0,32.667,15.333,30.0,21.666999999999998,13.667,67.0,11.333,57.0,13.667
128,213.333,166.667,89.667,85.333,65.0,58.0,49.0,45.333,99.0,61.0,27.666999999999998,22.666999999999998,58.333,65.0,91.667,41.333,23.333000000000002,30.0,21.0,14.0,64.0,11.333,60.0,15.667
129,176.333,160.0,88.667,83.667,66.667,60.667,47.333,46.0,103.0,61.0,28.333000000000002,22.666999999999998,50.333,65.667,104.333,44.0,25.0,33.0,16.0,14.0,60.333,13.333,60.667,20.333
130,181.0,168.0,92.333,82.0,75.333,59.667,48.0,46.0,121.333,61.667,29.666999999999998,22.0,44.0,67.0,118.333,54.667,33.0,30.666999999999998,16.333,14.0,51.0,13.333,62.667,26.0
131,180.333,171.667,93.333,84.0,87.667,59.667,50.0,40.0,114.333,58.0,28.0,22.666999999999998,34.667,67.667,127.333,62.333,42.333,30.0,13.667,14.0,44.0,15.0,61.667,32.0
132,188.333,171.667,94.667,83.333,88.333,59.667,52.333,44.667,103.0,73.667,26.333000000000002,23.0,25.333000000000002,68.333,132.0,69.0,51.333,26.333000000000002,13.667,14.0,35.0,15.0,58.667,38.0
133,186.667,177.667,100.333,84.0,90.333,59.667,52.333,45.667,89.333,82.333,24.0,24.0,21.0,62.333,130.0,70.0,56.667,25.0,13.333,14.0,24.333000000000002,24.0,54.0,42.0
134,186.667,174.0,90.333,85.333,91.0,59.0,51.667,47.333,76.0,92.333,22.333000000000002,24.333000000000002,18.667,49.667,137.0,68.333,63.0,23.0,13.333,14.0,21.0,28.666999999999998,51.333,37.333
135,188.0,179.333,88.0,84.0,76.333,60.333,51.667,49.0,57.0,104.667,23.0,24.333000000000002,19.333,40.333,135.333,70.333,66.333,20.333,13.333,16.0,13.333,35.0,49.667,33.333
136,186.667,175.333,88.0,83.0,62.333,61.667,50.667,49.667,21.0,106.0,23.333000000000002,23.0,20.0,32.333,132.333,65.0,67.667,20.0,13.333,17.0,13.333,39.0,43.333,33.333
137,185.333,175.0,86.333,84.667,49.667,64.0,52.333,46.333,17.0,103.0,23.0,23.333000000000002,20.0,21.0,127.0,59.667,71.667,18.667,13.333,19.333,12.667,39.333,35.333,30.0
138,185.333,180.0,88.333,84.667,46.667,60.333,53.0,47.333,17.0,101.333,22.666999999999998,23.333000000000002,23.333000000000002,22.0,116.667,47.333,70.333,17.667,14.667,19.333,12.667,39.333,28.333000000000002,32.0
139,178.333,178.667,93.667,84.0,51.333,57.667,55.333,46.333,22.0,95.0,22.666999999999998,23.0,45.333,21.666999999999998,107.0,39.667,58.333,16.333,17.667,20.333,15.333,36.333,21.0,29.0
140,185.333,173.0,99.0,85.0,46.667,58.667,55.333,49.0,29.666999999999998,83.333,27.0,24.333000000000002,47.0,23.333000000000002,95.667,25.0,43.667,19.667,20.666999999999998,21.0,13.667,43.667,17.333,30.666999999999998
141,185.667,173.333,103.667,82.667,85.667,60.0,53.667,48.667,75.667,68.0,30.0,24.0,77.333,30.0,89.667,17.667,40.667,19.667,22.666999999999998,20.0,27.0,40.0,12.667,18.667
142,185.667,174.333,110.0,82.333,96.333,61.0,54.333,48.667,96.667,50.333,35.333,23.0,85.333,45.333,74.667,14.0,37.0,21.0,26.333000000000002,20.0,35.667,37.667,11.333,20.0
143,185.667,175.0,113.333,82.333,112.0,62.667,55.0,46.333,118.333,23.0,41.667,23.0,96.667,55.667,65.667,14.0,22.666999999999998,20.333,35.0,20.333,53.333,34.333,11.333,15.667
144,184.667,173.667,97.333,80.667,137.0,62.667,55.667,45.667,136.333,19.333,45.667,24.0,99.0,76.333,46.0,14.0,19.333,22.666999999999998,35.667,19.333,47.333,35.0,11.333,13.667
145,184.667,173.333,92.0,83.0,126.0,63.667,54.333,45.0,155.0,21.0,44.0,24.0,99.667,79.667,23.333000000000002,14.0,15.0,22.666999999999998,37.667,18.0,65.667,33.333,12.667,10.667
146,183.667,173.333,71.667,85.333,130.333,64.333,53.667,45.0,162.333,23.0,45.0,23.333000000000002,105.0,93.667,24.0,15.333,15.667,29.666999999999998,37.667,17.333,79.667,24.333000000000002,13.667,10.667
147,185.0,179.0,73.0,86.0,120.0,59.0,49.667,46.0,155.667,39.333,42.0,24.0,103.0,98.333,27.666999999999998,24.333000000000002,15.667,33.667,37.667,16.333,91.0,18.667,19.667,9.333
148,185.0,181.333,69.0,84.0,95.667,60.333,52.0,48.0,167.0,68.667,38.667,25.0,103.0,104.333,47.667,47.667,15.0,37.333,37.667,16.0,100.333,16.333,28.666999999999998,9.333
149,181.667,179.667,106.667,85.333,75.333,63.0,50.667,46.667,153.0,80.333,29.333000000000002,25.666999999999998,96.667,109.667,64.667,54.667,17.333,36.667,38.0,15.333,102.0,12.667,44.0,9.333
150,180.333,173.667,150.667,84.333,54.667,61.0,53.333,45.0,142.667,93.0,21.666999999999998,25.333000000000002,86.667,107.333,66.0,73.0,28.333000000000002,48.333,33.333,15.0,103.0,12.667,54.667,9.333
151,181.667,174.667,157.667,84.333,63.0,56.333,51.667,44.333,130.0,100.0,20.0,25.0,78.667,102.667,77.333,77.667,34.333,47.667,31.666999999999998,14.0,109.333,12.667,67.0,10.667
152,180.333,179.0,170.333,84.333,77.0,62.333,53.333,44.333,100.667,107.333,19.333,23.333000000000002,72.667,97.333,86.667,94.0,56.333,50.333,25.0,14.0,112.667,12.667,71.0,10.667
153,178.667,181.0,170.667,85.0,124.667,66.0,52.333,45.667,96.667,108.0,19.333,25.0,57.667,92.667,79.0,101.667,67.0,49.0,19.333,14.0,109.667,12.667,79.667,15.0
154,181.0,178.667,149.333,87.0,157.333,66.0,53.333,47.333,67.667,104.667,19.667,22.666999999999998,44.667,81.0,79.667,103.0,90.667,47.333,15.667,14.667,108.333,12.667,87.333,18.667
155,182.333,173.0,108.0,86.0,153.333,64.333,53.0,49.0,61.667,89.333,21.666999999999998,23.0,40.667,62.333,76.667,108.333,88.667,43.667,12.333,15.667,105.333,13.667,99.0,25.0
156,181.0,171.667,57.333,87.333,168.0,64.333,52.333,49.667,61.667,78.0,34.667,23.0,40.0,50.0,77.667,112.0,94.667,40.333,12.333,15.667,104.0,15.0,103.0,27.0
157,178.667,168.333,70.333,89.0,162.333,63.0,49.667,49.667,98.0,65.0,48.667,22.333000000000002,40.0,32.333,67.333,110.0,108.0,32.0,12.333,17.0,98.667,20.333,101.333,33.667
158,178.667,169.333,67.0,87.667,162.333,65.0,46.667,50.333,127.333,53.667,56.333,21.666999999999998,45.333,21.666999999999998,58.0,105.0,113.333,21.0,12.333,17.667,94.0,20.333,102.0,49.333
159,180.667,165.333,175.0,87.0,163.333,66.0,47.0,49.667,119.667,23.333000000000002,66.0,22.666999999999998,47.333,20.0,41.0,100.333,111.0,20.666999999999998,12.667,19.667,87.333,32.0,102.0,55.333
160,180.667,166.667,231.0,84.333,168.333,66.0,47.667,49.0,133.667,19.667,70.0,22.333000000000002,65.333,18.333,20.0,95.667,107.333,16.0,12.667,23.333000000000002,77.0,41.333,103.667,54.667
161,180.333,159.0,229.0,83.667,141.667,68.333,48.667,44.667,129.667,19.667,75.0,24.0,84.0,25.0,16.333,93.0,104.0,14.0,15.333,24.333000000000002,66.0,50.667,108.0,61.667
162,181.667,167.667,225.667,83.0,94.667,66.667,50.0,44.0,138.0,23.0,75.667,24.0,88.667,52.667,16.333,73.667,100.0,13.667,17.0,27.0,57.333,54.667,102.333,65.333
163,181.0,176.333,224.667,82.333,94.333,66.0,47.0,43.333,134.333,49.0,70.0,24.333000000000002,102.667,62.0,16.333,58.0,94.667,13.667,25.0,25.666999999999998,38.667,66.667,97.333,65.667
164,181.0,181.667,221.667,86.0,71.333,67.333,50.667,42.0,130.333,68.333,63.333,29.0,104.0,96.667,16.333,42.0,85.0,14.0,32.667,27.0,30.666999999999998,64.333,92.667,67.0
165,181.667,181.333,220.333,85.0,97.0,66.667,49.0,43.333,116.667,84.0,52.333,30.666999999999998,108.0,109.0,23.333000000000002,19.333,80.333,15.0,36.0,28.666999999999998,22.0,65.333,86.667,66.0
166,182.667,174.333,219.0,86.333,114.0,66.667,48.333,44.0,100.667,95.667,40.0,34.0,112.333,127.667,47.333,18.0,65.333,17.333,43.667,28.0,22.0,71.0,90.667,61.333
167,182.0,166.333,207.333,84.333,161.667,67.333,48.667,44.667,84.333,104.333,21.333000000000002,33.0,109.0,144.0,77.0,17.667,56.0,20.0,55.667,28.666999999999998,23.666999999999998,72.667,73.667,63.0
168,182.0,147.333,160.667,83.667,195.333,67.333,49.333,46.0,58.333,115.333,15.667,33.0,104.333,140.333,85.333,18.0,39.667,34.0,59.667,25.666999999999998,26.666999999999998,68.667,66.0,58.333
169,181.667,153.667,60.0,83.667,197.0,67.333,51.667,45.667,29.333000000000002,126.0,15.0,34.0,103.667,166.333,105.333,17.667,19.667,38.0,59.667,24.0,35.667,65.333,54.667,55.667
170,180.667,174.667,21.333000000000002,89.333,204.0,67.333,53.667,49.667,19.667,136.667,15.0,31.333000000000002,101.0,164.0,124.0,37.333,18.667,50.0,63.0,23.333000000000002,49.667,68.0,44.667,51.667
171,179.667,176.667,59.0,84.667,187.333,67.333,53.667,49.667,23.666999999999998,126.333,15.333,27.333000000000002,101.333,162.667,130.333,49.0,18.333,56.333,67.0,21.0,65.667,60.333,29.0,49.333
172,180.667,179.0,94.0,83.0,159.333,66.0,53.667,49.0,27.0,112.333,15.333,25.333000000000002,74.333,158.0,134.333,77.0,19.333,64.333,67.667,18.333,75.0,56.667,22.333000000000002,31.333000000000002
173,179.0,181.0,142.0,85.333,127.0,68.333,52.667,47.333,50.333,88.0,28.666999999999998,22.666999999999998,58.0,134.333,146.667,88.333,21.666999999999998,71.667,68.333,14.667,89.333,51.0,21.666999999999998,23.0
174,180.333,190.333,181.0,86.667,75.333,68.333,53.667,46.667,72.333,81.333,50.667,21.666999999999998,59.0,145.0,150.333,95.333,27.666999999999998,68.333,63.667,13.667,97.0,41.0,20.666999999999998,19.667
175,180.333,188.333,169.0,85.0,62.333,68.333,54.333,46.667,86.667,61.333,75.667,21.0,47.0,130.0,147.333,114.0,47.0,69.667,62.667,13.667,105.667,26.333000000000002,22.0,16.0
176,178.0,82.333,180.333,85.0,51.667,66.667,55.0,46.667,97.333,61.333,84.333,21.0,31.0,112.667,148.0,132.333,75.0,70.667,54.0,13.667,110.333,24.0,23.0,16.0
177,177.667,163.667,171.333,85.667,87.0,66.0,55.333,48.333,107.333,49.333,98.0,21.666999999999998,39.667,98.0,142.0,144.667,84.333,69.667,44.333,13.667,118.0,17.0,23.666999999999998,15.0
178,176.667,232.333,121.333,84.333,117.333,66.0,56.0,49.667,106.333,45.667,110.0,29.333000000000002,35.667,78.333,140.667,135.333,102.333,66.333,38.333,13.667,118.0,17.0,37.667,15.0
179,180.333,236.0,94.667,84.333,139.667,65.333,55.333,49.0,95.0,56.333,111.667,28.333000000000002,37.667,48.667,126.667,144.0,109.333,61.667,21.666999999999998,15.0,120.667,13.667,50.333,15.667
180,182.667,236.0,53.667,83.333,173.667,65.333,55.333,49.0,89.0,86.0,123.333,40.0,36.667,61.0,110.0,145.0,117.667,56.667,18.0,15.0,128.667,14.0,59.667,15.333
181,182.333,236.0,66.0,85.667,168.667,65.333,51.333,47.333,66.0,102.667,126.667,42.333,52.0,55.667,93.333,149.667,122.333,47.333,15.333,22.666999999999998,139.0,15.0,75.667,19.667
182,181.0,236.0,64.333,89.667,173.333,67.333,54.333,45.0,28.666999999999998,120.333,116.333,45.0,49.667,57.0,68.667,135.0,128.333,30.666999999999998,12.667,19.667,145.0,17.667,97.333,22.333000000000002
183,178.333,236.0,88.333,82.0,184.333,67.333,52.333,47.333,21.0,132.667,92.667,45.0,64.0,54.0,49.333,127.333,138.333,24.333000000000002,13.0,26.333000000000002,135.0,20.0,97.333,35.0
184,179.667,236.0,107.0,79.333,188.667,68.333,54.0,49.0,18.0,139.333,89.667,47.333,59.333,81.333,24.666999999999998,124.333,133.667,19.333,12.667,24.666999999999998,118.333,33.333,99.0,45.0
185,180.0,236.0,108.0,78.667,192.667,69.0,52.667,48.333,18.333,144.0,63.333,48.333,59.667,92.0,18.333,118.0,137.333,17.0,13.333,33.333,123.333,46.333,101.333,66.333
186,181.0,236.0,108.667,79.0,164.667,68.333,51.333,48.333,20.0,137.667,49.333,48.333,56.667,111.333,18.333,103.0,131.333,15.667,13.667,32.0,131.667,53.0,109.0,63.333
187,181.667,231.667,105.667,77.667,113.667,68.667,52.333,48.0,59.0,140.0,27.0,36.333,49.333,124.0,18.0,99.667,128.667,15.667,18.0,40.0,111.0,59.333,119.667,79.333
188,182.667,229.333,96.333,79.667,62.667,67.0,54.667,49.0,81.333,131.0,15.667,32.333,45.333,137.333,18.0,78.333,123.667,15.333,35.667,41.667,98.667,75.0,119.667,78.333
189,182.0,136.667,98.333,85.667,73.667,67.0,54.667,49.667,104.667,115.0,18.0,25.0,36.0,145.333,23.333000000000002,64.333,117.667,16.333,44.333,41.667,105.667,86.0,122.0,87.0
190,181.0,34.0,94.333,88.333,52.0,68.0,58.667,49.667,121.0,101.333,31.666999999999998,20.666999999999998,24.0,149.333,39.667,38.667,117.0,20.333,64.333,41.667,78.667,94.0,116.0,91.667
191,181.0,75.0,92.0,95.667,76.0,66.333,58.333,51.667,124.667,88.333,50.333,17.667,23.0,152.0,58.333,24.0,96.333,22.333000000000002,76.0,41.667,80.0,99.667,111.667,99.0
192,181.0,182.0,92.667,95.0,93.333,66.333,60.333,52.333,148.0,64.0,76.0,18.333,19.667,147.667,70.333,32.333,94.667,49.667,84.0,39.0,55.333,99.667,123.333,99.667
193,181.0,193.333,95.0,95.0,114.0,69.0,58.333,48.667,146.667,37.667,94.333,18.0,20.333,149.667,79.333,32.333,73.0,65.0,92.333,36.333,47.667,109.333,116.333,109.333
194,181.0,193.333,96.667,82.667,136.667,69.667,58.333,46.667,161.667,37.667,104.667,20.0,20.0,146.0,88.0,35.333,53.0,79.667,98.0,30.333000000000002,32.333,108.0,108.667,108.667
195,181.667,191.333,96.333,71.667,131.333,71.333,57.667,47.667,148.0,37.0,120.333,24.666999999999998,31.666999999999998,134.333,89.333,50.0,37.667,82.0,99.667,30.333000000000002,29.333000000000002,109.667,101.667,105.0
196,181.667,190.333,94.667,60.0,132.667,75.333,56.333,47.0,139.667,46.667,136.0,43.0,40.333,124.667,95.667,67.667,29.666999999999998,94.0,103.667,22.666999999999998,20.666999999999998,114.333,97.0,104.333
197,182.667,189.333,94.333,58.667,113.333,79.0,55.0,47.333,124.0,52.667,137.667,47.0,52.0,114.333,92.333,77.0,28.333000000000002,97.0,104.0,21.333000000000002,19.333,114.667,94.0,104.333
198,181.667,173.0,96.0,65.667,105.333,73.667,55.667,46.333,90.333,64.0,141.667,60.0,68.0,112.0,78.333,93.333,26.333000000000002,103.0,104.667,16.0,22.333000000000002,108.0,86.333,107.667
199,175.0,137.667,96.333,85.0,80.0,69.333,56.667,43.667,81.0,82.667,133.667,71.667,82.333,86.333,95.667,98.667,25.666999999999998,111.0,106.667,12.667,24.666999999999998,104.333,72.667,99.0
200,182.0,140.333,96.333,100.0,58.333,61.667,59.667,41.667,38.0,97.333,135.0,78.0,90.667,70.333,77.0,110.333,42.667,110.333,99.667,12.667,30.666999999999998,99.667,67.333,92.667
201,181.333,166.333,98.667,123.333,68.667,57.333,59.0,43.667,52.333,105.0,127.0,78.0,94.333,46.0,66.333,115.0,55.667,108.0,98.667,12.667,40.333,93.667,56.667,84.667
202,180.333,179.667,98.0,142.0,60.333,52.0,61.333,45.0,49.333,112.0,119.667,74.0,104.333,42.333,50.0,119.333,73.667,110.667,89.667,12.667,49.667,89.667,45.0,83.333
203,183.333,180.0,97.333,143.0,66.667,46.333,61.667,50.0,84.0,108.333,112.0,73.333,106.0,46.0,34.667,125.667,83.0,106.667,84.0,12.667,60.333,74.0,30.666999999999998,71.333
204,185.667,174.0,96.667,122.0,76.667,48.333,62.333,53.0,100.0,106.0,89.0,66.667,103.0,48.667,24.0,124.333,94.333,98.0,72.0,12.667,71.333,71.0,27.0,64.333
205,188.0,172.0,95.333,103.333,92.333,62.0,61.0,55.333,123.0,101.333,88.333,66.0,101.333,66.0,17.667,122.333,98.0,92.333,57.0,15.333,87.667,54.667,18.333,53.333
206,185.667,173.0,95.333,78.333,92.333,76.667,59.333,58.0,143.0,92.0,57.0,49.667,106.0,70.0,40.0,117.333,105.0,82.0,46.333,16.333,83.0,48.333,19.667,43.333
207,185.333,174.0,94.0,48.667,90.0,84.667,58.0,56.667,142.0,79.0,55.0,29.666999999999998,97.667,80.333,58.333,112.667,108.333,72.667,28.666999999999998,23.333000000000002,85.0,33.333,16.333,39.667
208,185.333,173.0,95.333,55.0,94.667,97.0,58.667,57.333,146.0,58.333,41.0,19.667,85.0,80.0,67.0,105.0,110.0,57.667,20.333,29.333000000000002,87.333,23.333000000000002,18.333,25.666999999999998
209,175.333,170.667,91.333,53.667,87.333,115.667,57.0,54.0,142.667,39.667,34.667,16.333,75.667,80.667,88.333,95.667,115.333,41.667,18.667,38.0,89.333,27.333000000000002,20.666999999999998,18.0
210,182.333,173.0,92.667,93.667,79.667,111.333,58.333,50.667,149.667,20.333,55.0,17.0,61.667,89.333,95.333,85.333,110.333,33.667,18.667,41.333,93.0,28.666999999999998,23.0,22.333000000000002
211,181.667,173.0,91.667,152.0,74.0,98.333,57.0,47.667,138.0,17.0,66.0,17.0,42.667,86.667,114.333,69.667,110.333,19.333,17.667,50.667,89.667,28.666999999999998,31.666999999999998,20.333
212,181.667,173.0,91.667,160.667,61.333,90.333,60.333,48.667,135.0,17.0,73.0,20.0,22.0,84.667,123.667,46.333,103.667,17.0,19.667,61.333,89.0,32.667,35.667,25.0
213,182.333,172.0,92.0,163.0,62.667,64.0,61.333,49.333,106.0,17.0,86.0,28.0,20.0,80.0,128.333,39.0,103.0,16.0,34.667,64.0,79.333,45.667,44.0,29.666999999999998
214,179.0,172.0,91.333,159.333,65.333,31.333000000000002,63.0,50.0,95.0,18.667,100.0,53.0,17.0,71.0,136.333,28.0,98.667,19.333,48.667,67.0,72.0,53.667,54.333,41.667
215,171.667,171.667,91.667,159.333,68.333,27.0,62.0,49.667,59.333,25.333000000000002,94.0,62.333,20.333,63.333,137.667,28.0,84.0,28.666999999999998,67.0,66.333,73.333,66.333,66.667,50.667
216,172.667,171.667,92.333,164.333,71.333,19.667,61.333,55.0,29.666999999999998,40.333,96.333,79.0,22.333000000000002,44.0,148.0,29.666999999999998,69.333,53.0,76.333,66.333,58.0,73.333,68.333,58.667
217,177.0,163.667,97.0,168.333,75.333,31.666999999999998,60.333,57.333,18.667,59.667,89.333,89.0,31.666999999999998,25.0,137.0,30.666999999999998,60.667,63.667,90.0,66.0,42.667,79.0,69.333,68.333
218,178.0,170.667,91.667,127.0,76.0,57.333,57.0,59.0,22.0,63.667,88.667,101.333,36.333,21.0,131.667,36.333,45.0,78.333,99.333,66.667,36.667,93.667,71.0,80.667
219,179.0,174.667,91.333,79.0,76.667,88.667,54.667,58.333,46.333,75.333,73.667,112.0,43.667,19.667,126.333,48.667,42.667,90.0,106.667,58.333,36.0,102.333,70.667,85.333
220,180.333,170.333,90.333,105.667,74.667,110.0,54.667,55.667,52.333,77.333,57.333,113.333,53.0,21.666999999999998,117.667,61.667,23.333000000000002,93.0,113.667,55.0,26.0,107.0,71.333,96.0
221,180.333,171.0,90.667,92.667,74.333,135.667,54.667,51.667,75.333,75.667,35.0,118.667,68.333,25.333000000000002,106.667,66.333,21.0,107.0,123.667,50.0,24.666999999999998,116.667,71.0,105.667
222,176.667,171.0,90.667,156.667,70.333,167.0,59.333,53.333,91.0,73.333,21.0,116.333,67.333,62.0,96.667,72.667,28.0,120.333,124.333,39.333,26.333000000000002,119.333,73.333,104.667
223,180.333,168.333,91.333,220.667,67.0,152.667,58.667,45.0,100.0,68.0,17.0,118.0,67.0,80.667,85.667,78.667,33.333,132.333,128.333,33.667,28.0,121.667,67.667,110.667
224,180.333,169.333,92.0,219.667,68.667,159.333,64.667,42.0,112.667,55.667,17.0,102.667,63.333,98.0,73.333,77.333,41.667,142.667,129.667,25.0,32.667,121.667,61.333,112.0
225,185.0,178.333,90.667,216.0,70.667,169.667,70.0,39.333,113.333,40.333,24.333000000000002,91.333,63.333,111.0,60.667,80.0,53.0,136.667,129.0,19.667,42.667,126.667,50.667,114.333
226,179.0,176.333,88.667,205.333,70.667,150.333,72.0,44.0,120.333,32.0,39.333,77.333,55.333,122.0,53.333,84.667,68.333,134.0,131.667,16.333,50.333,126.667,45.0,117.0
227,178.0,178.667,88.0,204.0,71.333,124.667,73.333,42.667,102.0,18.667,64.333,60.0,51.667,130.667,47.333,74.667,66.0,136.333,122.0,15.667,62.667,123.0,36.0,117.333
228,179.667,173.667,89.667,202.667,73.667,74.667,74.0,56.0,93.333,15.667,80.0,49.0,44.0,145.0,51.333,70.333,72.667,133.333,119.333,16.0,68.333,134.333,29.333000000000002,122.0
229,177.667,173.667,89.667,201.333,73.0,81.333,55.333,64.667,79.0,16.0,100.667,25.0,41.667,152.667,79.667,61.0,77.333,146.333,111.0,17.333,82.667,119.667,23.666999999999998,119.333
230,177.667,178.667,89.0,124.667,71.333,58.333,41.333,68.0,63.0,17.0,108.333,29.666999999999998,38.0,147.333,87.667,49.667,80.333,135.333,104.0,18.667,89.667,105.0,22.0,113.667
231,174.333,174.0,89.333,56.333,71.0,96.667,37.667,74.0,34.0,18.667,107.667,38.333,36.667,150.667,116.333,32.667,81.667,125.667,96.667,27.666999999999998,90.0,105.667,19.667,106.667
232,175.333,171.0,88.667,47.0,71.0,125.667,30.0,75.667,19.667,27.0,117.0,40.667,40.667,150.333,127.0,19.667,79.0,112.0,86.0,31.666999999999998,90.667,105.667,20.333,107.333
233,175.333,170.0,87.667,35.333,69.333,141.333,23.666999999999998,72.333,15.667,38.333,115.667,53.0,47.333,148.667,125.667,16.0,76.333,90.667,74.0,49.333,89.667,97.0,25.333000000000002,96.667
234,175.333,171.333,87.667,85.0,71.0,172.333,35.333,69.667,15.667,42.667,111.667,73.333,52.0,134.333,150.333,15.667,70.333,85.667,60.0,59.333,92.0,85.667,23.0,90.667
235,179.0,168.333,89.0,129.0,71.667,160.667,54.667,55.333,16.333,43.333,100.333,91.333,66.333,123.333,144.333,15.667,61.667,73.333,45.667,66.333,93.333,73.0,27.666999999999998,81.333
236,179.0,169.333,93.0,156.333,73.333,160.667,70.333,35.333,20.666999999999998,43.0,92.667,102.0,79.667,110.0,147.333,15.0,43.667,56.333,36.333,76.333,88.667,63.667,37.0,77.333
237,175.0,169.0,95.333,186.333,72.667,161.0,86.0,26.333000000000002,43.0,41.0,79.0,113.0,89.333,98.0,145.0,17.333,35.0,42.333,20.333,88.0,88.0,47.667,47.0,62.667
238,173.333,169.0,89.333,182.333,72.667,161.667,100.667,22.666999999999998,55.667,39.667,67.0,120.667,94.667,76.333,149.333,44.333,22.333000000000002,21.0,21.666999999999998,97.333,82.0,32.333,55.333,54.0
239,173.0,166.667,86.333,187.333,70.667,161.0,103.0,20.0,68.0,36.667,37.667,133.0,102.667,59.333,146.0,57.333,18.667,20.0,19.333,97.333,76.0,26.0,66.667,44.333
240,173.0,168.0,86.333,195.333,69.0,156.667,107.333,20.0,73.333,34.333,19.667,132.333,113.667,30.333000000000002,147.333,76.0,16.333,20.666999999999998,22.333000000000002,98.333,70.0,21.666999999999998,69.0,27.0
241,166.333,169.0,86.0,196.0,70.0,127.667,100.667,32.0,73.333,28.666999999999998,18.667,129.0,108.667,20.333,135.333,87.667,16.333,24.333000000000002,35.333,101.0,56.333,21.0,76.0,18.0
242,174.333,172.333,84.0,148.333,68.333,89.667,100.667,49.0,78.667,27.0,18.333,119.667,113.333,23.0,122.333,101.667,16.333,35.333,37.667,102.333,44.333,20.666999999999998,82.0,15.0
243,180.667,167.0,86.0,73.333,66.333,85.0,68.333,75.0,77.0,22.666999999999998,22.0,128.333,111.667,22.0,108.667,111.667,17.333,47.0,56.0,108.333,37.0,20.0,91.333,17.667
244,178.667,168.333,89.333,59.0,67.0,50.333,55.667,95.667,63.667,21.0,31.333000000000002,119.0,106.333,30.666999999999998,98.667,137.0,27.666999999999998,58.667,68.0,107.667,24.333000000000002,22.0,92.667,15.667
245,173.333,174.667,87.667,25.0,68.333,78.667,21.333000000000002,104.333,53.333,22.0,58.0,99.667,98.0,49.333,79.0,140.0,45.667,68.0,76.0,102.333,20.333,35.0,88.0,16.0
246,172.333,170.333,87.0,49.333,67.333,95.333,18.667,119.333,42.0,21.0,69.333,95.0,89.333,64.333,65.667,131.333,61.333,77.667,81.333,96.333,18.667,43.667,88.0,17.0
247,172.667,170.667,88.667,62.667,66.667,126.0,20.0,112.333,28.666999999999998,33.0,84.0,71.0,80.0,76.0,42.0,140.667,75.333,84.667,87.333,90.333,18.0,50.333,86.667,20.666999999999998
248,176.333,170.667,85.333,93.333,66.667,155.0,18.333,114.667,22.666999999999998,37.333,101.667,67.667,70.667,80.333,17.0,137.0,89.333,95.667,89.667,86.667,20.333,58.0,86.667,20.333
249,171.667,170.667,85.667,114.667,67.333,158.333,62.333,116.0,21.0,39.667,94.0,58.667,57.333,92.667,17.0,131.333,97.0,99.667,93.0,71.333,26.0,67.0,85.667,26.666999999999998
250,172.667,171.667,86.333,121.0,66.667,165.333,85.667,95.0,23.0,37.333,105.667,39.0,47.333,97.0,17.0,131.333,115.333,103.667,93.0,61.333,32.333,75.0,82.0,40.667
251,168.0,169.0,89.333,122.667,68.333,157.667,111.333,67.333,25.333000000000002,36.0,107.0,33.333,44.0,100.0,22.333000000000002,129.667,118.333,103.667,93.0,54.333,44.667,74.0,78.0,42.667
252,168.0,168.0,90.0,109.0,70.667,120.333,134.667,31.0,29.0,34.0,106.0,28.333000000000002,44.667,104.0,34.333,116.333,128.0,104.0,94.333,39.0,59.333,74.0,71.667,45.667
253,167.0,160.667,91.667,99.0,70.667,79.333,142.667,21.666999999999998,32.0,32.667,116.333,48.0,42.0,104.0,55.667,109.667,128.667,101.667,93.333,31.0,73.0,76.667,66.0,54.667
254,168.0,162.0,87.667,89.0,70.0,40.0,154.333,18.333,39.333,33.0,83.333,52.0,56.0,104.0,66.667,99.667,124.0,98.333,72.667,21.666999999999998,79.333,76.0,52.0,55.333
255,172.0,168.333,82.333,70.333,71.0,25.0,163.667,21.666999999999998,47.333,25.0,65.0,61.333,62.333,94.667,83.333,88.0,129.667,92.0,74.333,18.0,89.0,75.667,46.333,54.333
256,172.0,172.667,88.333,64.0,70.333,22.333000000000002,169.333,36.667,48.333,27.333000000000002,54.333,71.0,74.333,89.0,97.0,69.333,125.667,87.0,65.667,23.666999999999998,96.667,71.0,41.667,55.667
257,163.667,173.333,96.667,65.667,73.667,59.667,172.0,78.0,45.333,25.666999999999998,48.0,78.667,80.0,75.0,99.333,51.333,126.333,86.0,59.0,24.333000000000002,101.333,65.333,22.666999999999998,59.0
258,163.667,172.667,91.333,75.667,68.333,77.667,137.0,99.667,44.667,26.333000000000002,36.333,83.333,87.667,62.667,103.333,21.666999999999998,124.667,65.667,49.667,26.0,108.0,61.333,22.333000000000002,59.0
259,169.667,172.667,89.333,95.667,65.0,113.667,107.333,117.667,42.333,27.333000000000002,32.333,76.667,101.0,52.667,108.0,16.333,110.0,59.0,49.667,33.0,114.0,61.0,20.666999999999998,60.333
260,163.333,167.0,88.667,98.667,67.667,178.0,63.333,137.667,42.333,27.0,51.667,70.0,97.0,36.0,112.333,15.333,98.333,36.667,33.333,44.667,115.667,51.667,20.333,55.667
261,152.0,166.0,89.667,94.0,69.667,173.667,60.333,155.667,38.667,26.333000000000002,85.0,60.0,96.333,57.0,106.333,15.333,91.667,30.666999999999998,20.333,72.333,114.333,44.667,20.0,49.667
262,158.0,166.0,87.333,88.667,67.667,185.333,62.667,165.0,37.333,27.666999999999998,85.0,52.0,98.333,63.667,107.0,15.0,80.0,26.666999999999998,20.0,76.0,114.333,40.0,20.666999999999998,40.333
263,156.667,164.333,87.333,82.0,66.333,187.667,99.333,156.333,33.667,27.666999999999998,101.667,35.0,96.0,69.667,97.667,15.0,66.0,24.666999999999998,18.333,87.667,111.0,30.333000000000002,22.333000000000002,35.667
264,152.0,166.667,88.0,80.0,67.0,190.0,106.333,161.333,33.667,33.667,109.333,21.0,93.333,92.667,89.333,22.666999999999998,48.0,23.666999999999998,21.0,98.667,109.333,26.333000000000002,27.666999999999998,32.0
265,154.0,168.667,88.667,72.333,67.0,198.667,116.333,154.333,33.0,33.667,125.333,17.667,85.333,108.333,81.0,47.0,31.333000000000002,24.666999999999998,31.666999999999998,103.667,111.0,22.0,44.0,21.666999999999998
266,148.667,168.667,84.0,68.0,66.333,200.0,132.667,144.667,37.667,33.0,144.0,17.0,76.667,121.667,71.0,60.0,18.0,32.667,31.666999999999998,110.667,102.667,20.666999999999998,53.333,18.0
267,142.667,167.667,81.333,69.333,62.333,164.667,149.667,138.0,42.667,31.666999999999998,134.667,18.667,64.333,129.0,54.333,69.333,15.333,37.0,52.333,112.333,102.0,20.666999999999998,59.333,15.0
268,135.667,165.667,87.0,68.0,67.0,114.667,161.0,100.667,46.667,29.0,137.0,20.0,59.0,137.333,27.333000000000002,78.333,15.667,47.333,54.0,115.667,95.667,22.0,68.667,15.333
269,142.0,165.333,87.333,74.0,68.333,81.333,158.0,70.667,39.0,33.0,132.333,21.0,34.667,146.0,13.667,80.667,15.667,57.333,66.333,120.667,81.333,23.666999999999998,76.0,15.333
270,145.333,165.333,85.0,76.0,66.667,46.667,159.0,51.0,41.667,23.666999999999998,130.667,48.0,24.666999999999998,143.667,14.667,82.333,15.667,65.0,68.667,130.333,70.0,33.0,81.667,15.333
271,139.667,165.0,85.667,76.0,68.0,57.0,154.0,69.333,41.667,26.0,113.0,67.333,17.667,146.0,14.0,83.667,18.333,68.667,73.333,128.667,58.0,38.667,94.667,15.333
272,132.667,165.0,87.0,75.0,68.0,55.667,148.0,85.667,41.667,28.333000000000002,99.0,87.333,17.667,142.667,14.0,85.0,32.0,75.667,77.0,125.667,43.333,48.667,93.0,15.667
273,131.0,163.333,85.0,75.0,66.333,89.667,121.0,104.333,37.667,27.0,87.333,94.333,15.667,139.667,17.333,76.333,42.667,77.333,82.0,115.667,24.0,59.667,94.333,20.333
274,137.0,163.333,85.0,72.667,67.0,107.333,91.0,119.667,35.333,29.0,71.667,104.0,17.333,132.0,19.333,76.0,62.667,82.0,81.0,115.0,19.667,67.0,102.0,30.333000000000002
275,136.667,168.333,85.0,71.667,66.333,122.0,70.667,134.333,33.333,28.333000000000002,52.333,116.333,22.666999999999998,121.0,28.0,72.333,68.333,80.0,75.667,113.667,17.333,73.333,104.333,33.333
276,136.667,163.667,85.667,72.0,68.0,142.667,39.667,150.333,31.666999999999998,28.333000000000002,33.0,109.0,31.333000000000002,108.667,38.0,69.333,71.0,75.667,76.333,98.667,16.333,75.667,99.0,48.0
277,124.333,162.667,85.0,71.333,68.0,138.0,42.667,152.333,31.666999999999998,29.666999999999998,23.333000000000002,112.333,42.0,97.0,50.0,56.333,80.333,72.333,70.333,90.667,17.333,81.0,100.333,52.333
278,136.0,162.667,85.0,69.667,68.0,141.333,42.0,149.333,32.667,29.0,27.0,108.333,52.667,77.333,54.667,48.333,83.0,65.667,66.333,80.333,18.667,85.0,94.333,62.667
279,142.333,161.667,85.333,70.333,68.0,130.0,51.667,140.667,33.333,27.666999999999998,42.667,104.333,54.667,63.333,61.0,34.333,88.667,55.667,60.333,76.333,26.333000000000002,85.667,93.0,64.333
280,139.667,160.667,85.333,70.667,68.0,123.0,92.0,144.0,34.333,27.666999999999998,52.667,93.0,59.333,57.333,66.333,25.333000000000002,87.667,44.333,55.667,59.333,30.333000000000002,85.667,94.0,72.0
281,138.0,162.667,86.0,69.0,67.0,95.333,107.333,118.667,34.333,29.0,71.0,80.667,63.0,54.333,67.667,25.333000000000002,80.0,35.0,34.0,39.667,40.667,87.0,84.0,75.667
282,132.0,162.667,85.333,69.0,68.0,70.0,124.667,105.667,34.333,26.0,85.0,69.0,65.0,59.0,70.333,30.0,73.333,21.666999999999998,28.666999999999998,37.0,50.667,83.667,76.667,82.667
283,143.333,165.0,85.667,70.667,66.667,60.333,118.333,75.333,34.333,27.333000000000002,94.667,46.667,65.667,71.333,70.333,24.666999999999998,69.333,19.667,20.666999999999998,30.666999999999998,64.667,82.333,67.667,85.0
284,137.667,164.0,85.0,70.0,68.333,39.667,113.333,48.667,34.333,26.333000000000002,100.333,35.667,61.667,93.667,68.0,37.0,62.0,16.333,15.667,17.667,66.333,75.333,62.333,86.667
285,135.0,165.667,86.0,70.667,68.333,46.0,85.333,23.0,34.333,25.666999999999998,103.0,18.0,56.0,100.667,62.667,49.667,57.333,16.333,15.667,17.0,72.667,67.333,51.0,84.0
286,133.333,168.667,85.333,70.667,66.0,50.667,50.333,26.0,35.0,27.0,103.0,17.667,53.333,114.333,57.0,71.0,40.0,16.333,16.333,20.333,90.667,64.667,35.333,86.0
287,133.333,166.0,82.667,71.333,67.333,69.667,29.333000000000002,31.333000000000002,34.333,27.0,100.333,18.0,48.667,133.333,45.333,78.667,30.0,16.333,15.333,21.666999999999998,95.667,58.0,20.666999999999998,83.667
288,135.0,165.0,81.667,69.0,63.333,83.667,19.667,41.333,34.333,27.0,101.0,20.0,30.666999999999998,125.0,38.333,97.0,30.333000000000002,27.666999999999998,18.333,29.666999999999998,95.667,53.333,17.0,81.667
289,135.0,166.0,84.0,71.333,56.667,94.333,18.667,63.667,34.0,25.666999999999998,95.0,19.333,29.0,149.333,28.333000000000002,104.0,21.666999999999998,24.333000000000002,27.333000000000002,32.333,91.667,39.333,15.0,83.0
290,136.0,166.0,85.333,72.0,64.333,92.667,30.333000000000002,104.667,34.0,25.666999999999998,78.0,42.667,21.0,143.0,24.333000000000002,108.0,27.333000000000002,52.333,39.333,45.667,97.0,30.0,15.0,71.667
291,128.667,164.0,84.0,71.333,66.0,90.667,65.333,101.667,33.333,25.666999999999998,58.0,52.667,20.0,144.333,22.0,110.667,26.666999999999998,69.667,48.0,54.667,96.667,24.0,15.333,65.333
292,132.333,160.667,81.333,71.333,66.0,88.667,90.0,116.667,33.333,25.0,40.667,66.667,17.0,136.667,20.666999999999998,114.667,32.333,77.667,66.333,58.333,87.333,24.0,15.0,55.333
293,127.667,160.667,81.333,72.0,63.333,81.0,118.333,98.333,32.0,24.0,17.0,72.0,17.667,132.667,22.666999999999998,112.0,49.667,90.0,76.667,68.667,80.667,21.0,16.0,43.333
294,126.667,163.0,80.0,72.0,64.0,65.0,167.0,85.667,31.0,25.333000000000002,13.667,88.0,17.667,129.667,22.666999999999998,111.333,55.333,100.0,87.333,71.0,82.333,20.0,20.0,40.333
295,125.333,167.333,80.0,71.333,63.333,53.333,165.0,71.0,30.0,25.333000000000002,12.333,88.0,18.333,120.333,28.666999999999998,110.667,66.333,103.333,94.667,72.333,69.0,18.0,29.333000000000002,34.667
296,123.0,161.667,80.667,71.333,61.667,41.333,179.333,52.667,32.0,25.666999999999998,12.333,82.0,20.0,113.333,34.0,104.667,79.0,113.667,101.0,83.667,62.0,21.666999999999998,42.0,26.0
297,122.333,159.0,80.0,71.333,61.667,43.667,178.667,21.0,32.667,24.333000000000002,12.333,73.0,22.0,99.333,38.0,98.667,81.0,118.333,103.667,86.667,60.0,27.666999999999998,50.333,20.0
298,121.0,161.667,78.667,71.333,61.0,41.667,183.333,17.667,33.333,24.333000000000002,12.333,78.667,24.666999999999998,84.667,45.0,91.0,94.0,117.0,112.667,78.0,47.0,37.667,59.667,18.667
299,118.0,161.667,78.667,71.333,64.0,53.333,167.667,18.333,32.667,24.0,22.0,63.333,29.666999999999998,67.667,51.667,78.333,94.0,117.0,117.333,77.333,39.333,47.333,68.333,18.333
300,116.333,159.0,78.667,71.333,63.333,58.0,173.333,18.333,33.333,24.333000000000002,40.667,51.0,31.0,42.667,52.333,71.667,98.333,116.667,113.333,78.0,32.0,62.667,71.333,18.333
301,113.0,157.0,76.333,71.333,63.333,65.0,143.0,51.667,33.333,25.0,51.0,45.667,32.0,25.666999999999998,53.667,59.333,107.0,122.0,110.333,71.0,22.0,67.667,76.667,17.667
302,103.667,157.0,76.333,70.0,65.667,72.333,89.333,79.0,34.667,25.666999999999998,59.333,26.333000000000002,34.0,19.667,54.667,46.333,106.333,113.667,114.333,63.0,22.0,74.333,79.333,17.333
303,104.667,146.333,77.667,71.333,65.333,73.667,63.0,107.333,29.333000000000002,26.333000000000002,64.667,36.667,31.666999999999998,18.333,51.333,40.0,104.667,112.333,103.667,59.667,19.667,90.0,82.667,21.0
304,101.667,157.0,76.0,67.0,65.333,77.0,43.0,131.333,32.0,26.333000000000002,65.333,35.333,30.333000000000002,20.333,48.667,36.333,97.333,102.0,98.333,51.333,18.667,90.0,84.333,27.333000000000002
305,99.0,151.0,74.0,70.333,61.667,74.333,68.0,139.667,29.0,25.0,63.333,38.667,30.333000000000002,30.0,39.333,42.667,98.333,92.0,91.333,46.0,27.0,94.667,86.667,38.0
306,94.333,151.0,73.333,70.333,64.0,64.333,53.333,176.667,30.0,25.0,69.333,63.667,23.333000000000002,52.667,34.667,50.0,87.0,75.0,83.333,30.0,29.666999999999998,104.0,88.0,49.0
307,88.333,150.667,71.667,69.667,65.0,57.667,84.0,178.333,29.0,25.0,62.0,71.333,23.0,62.0,28.0,60.333,82.333,71.0,71.0,24.333000000000002,37.333,96.667,85.0,53.0
308,88.333,151.667,71.0,75.333,60.333,54.667,102.667,184.333,28.333000000000002,25.666999999999998,49.667,87.667,20.333,73.333,28.0,76.333,63.333,52.333,61.667,17.0,49.0,98.667,84.333,65.0
309,77.333,151.667,68.667,69.0,60.333,54.0,118.333,155.0,29.0,25.666999999999998,35.333,97.0,20.0,85.0,22.0,100.667,60.667,43.667,45.333,17.333,54.667,97.0,86.333,73.333
310,72.667,150.667,68.667,66.667,60.333,55.333,133.0,160.667,32.333,26.0,29.666999999999998,105.333,18.667,92.333,22.666999999999998,95.0,53.0,21.333000000000002,26.666999999999998,17.667,61.0,98.333,76.333,83.667
311,68.667,146.667,70.0,66.667,59.333,55.667,134.0,151.667,30.0,24.333000000000002,15.0,120.333,18.333,101.0,24.0,117.0,41.667,15.667,18.0,18.667,66.0,97.0,65.333,81.333
312,64.667,150.667,71.0,67.667,57.667,57.667,146.333,103.0,31.333000000000002,24.0,13.667,118.667,20.0,97.667,24.333000000000002,109.333,35.0,15.0,15.0,23.0,73.0,92.333,60.667,85.0
313,55.0,156.333,69.333,67.667,56.667,60.333,130.667,87.667,28.333000000000002,23.333000000000002,13.667,119.333,20.0,98.667,24.333000000000002,119.0,34.0,15.0,12.667,27.0,78.667,87.667,59.333,86.0
314,54.333,149.333,68.667,68.0,56.667,60.333,117.333,55.333,28.333000000000002,23.333000000000002,13.667,114.667,20.0,103.333,24.333000000000002,121.667,36.0,14.0,12.667,32.333,79.333,85.333,35.333,85.333
315,53.333,147.333,68.333,67.0,56.333,60.333,104.333,66.333,28.333000000000002,24.0,15.0,121.333,21.666999999999998,96.333,26.333000000000002,125.667,50.667,14.667,12.667,44.333,80.333,78.667,26.0,86.333
316,47.333,152.0,69.0,66.333,56.333,60.333,92.0,54.0,29.0,24.0,17.0,112.333,23.0,87.0,27.666999999999998,128.0,56.0,18.0,12.667,52.667,79.333,71.333,22.0,85.0
317,38.0,150.667,68.333,65.0,59.667,59.333,65.667,79.667,29.333000000000002,24.0,20.666999999999998,102.333,24.0,85.333,34.333,132.667,69.0,25.0,15.667,61.0,80.333,56.0,16.333,83.333
318,29.333000000000002,143.667,70.667,67.0,56.333,58.333,23.0,96.333,29.333000000000002,23.333000000000002,28.333000000000002,87.0,24.333000000000002,67.0,35.667,131.667,82.0,43.0,24.333000000000002,66.333,82.667,51.333,15.0,81.0
319,19.667,140.667,71.667,67.0,53.0,58.333,18.333,106.333,28.333000000000002,24.0,28.0,73.667,25.333000000000002,53.0,39.667,120.0,89.333,54.667,42.333,72.333,74.333,34.333,14.0,76.667
320,18.0,137.667,72.333,68.0,57.667,58.333,22.666999999999998,122.667,30.666999999999998,22.666999999999998,36.667,61.0,24.333000000000002,39.667,41.333,118.667,94.667,63.667,46.333,74.333,66.667,23.0,13.333,69.0
321,14.667,139.0,69.0,74.0,58.667,59.667,36.667,128.333,30.0,23.333000000000002,38.333,43.0,24.666999999999998,33.333,42.333,105.667,106.0,62.667,55.667,77.0,59.0,16.333,14.667,68.667
322,13.667,135.333,70.0,74.333,56.0,56.0,50.667,140.0,32.0,24.0,39.0,20.0,24.333000000000002,18.333,41.667,101.0,106.667,77.0,64.0,77.0,54.333,16.0,14.667,63.333
323,10.667,129.667,67.667,73.333,52.0,53.333,70.0,133.333,31.666999999999998,22.666999999999998,36.333,22.0,24.666999999999998,17.0,39.333,87.667,136.0,78.333,70.333,75.667,42.667,15.0,17.333,56.0
324,10.667,131.0,66.333,69.667,55.0,56.0,84.0,136.0,33.0,23.333000000000002,35.667,27.333000000000002,22.666999999999998,17.667,35.333,71.0,125.333,85.0,72.333,71.0,38.0,15.0,19.333,42.667
325,8.0,129.0,66.333,66.667,55.333,60.667,85.667,126.333,33.0,23.333000000000002,29.666999999999998,37.333,20.333,18.333,29.333000000000002,66.333,120.667,78.0,78.0,68.0,26.0,15.333,24.333000000000002,34.0
326,8.0,131.333,65.0,66.333,56.0,59.333,89.667,108.667,31.666999999999998,24.0,24.0,55.333,20.666999999999998,21.0,27.333000000000002,39.667,123.333,74.0,82.667,73.333,22.666999999999998,15.333,31.0,18.667
327,5.332999999999999,131.667,64.0,66.333,56.0,59.333,90.667,89.0,29.0,24.0,22.0,73.333,18.667,27.333000000000002,27.333000000000002,33.0,125.667,73.333,79.0,56.333,24.666999999999998,21.666999999999998,40.333,15.667
328,5.332999999999999,130.667,64.0,66.0,54.0,58.667,91.333,64.0,28.333000000000002,24.0,21.0,83.333,19.333,41.0,25.0,16.333,119.0,65.667,80.667,45.667,24.666999999999998,22.666999999999998,47.333,13.667
329,3.667,126.667,63.333,67.667,53.333,56.0,72.0,44.0,27.666999999999998,23.333000000000002,21.0,91.667,19.333,49.0,24.0,16.333,125.333,60.333,77.0,33.667,30.666999999999998,29.333000000000002,54.0,12.667
330,3.667,126.0,63.333,67.333,56.0,56.0,59.0,22.333000000000002,27.666999999999998,24.0,18.667,93.667,18.667,59.667,28.0,16.333,114.0,53.0,72.333,31.0,41.667,41.333,58.0,12.667
331,2.667,125.667,63.333,71.0,56.0,57.0,39.667,28.666999999999998,27.666999999999998,24.0,18.333,95.0,20.0,59.667,23.333000000000002,18.0,101.0,45.0,55.333,21.0,56.0,60.333,60.667,12.667
332,2.667,124.333,62.333,70.667,56.0,55.333,25.0,24.0,27.666999999999998,24.0,20.333,104.0,20.0,62.0,23.333000000000002,20.666999999999998,93.667,37.0,44.0,17.667,52.667,60.333,60.667,12.667
333,2.0,125.667,62.0,66.0,55.667,50.0,26.333000000000002,43.667,27.333000000000002,23.0,21.666999999999998,104.667,22.666999999999998,62.667,23.0,37.333,80.333,25.0,34.0,15.333,75.0,71.333,61.667,13.667
334,2.0,128.0,62.667,65.333,56.667,54.0,28.666999999999998,66.0,28.0,23.0,22.333000000000002,95.333,21.666999999999998,62.667,25.0,55.667,67.667,19.667,24.666999999999998,15.333,85.333,81.333,61.667,16.0
335,1.0,118.667,62.667,66.0,56.333,55.333,29.666999999999998,74.667,27.333000000000002,22.666999999999998,22.333000000000002,91.333,21.0,62.667,27.333000000000002,67.0,51.667,18.333,18.667,15.333,94.667,79.333,61.0,22.0
336,1.0,119.667,63.333,65.667,55.667,56.0,41.667,82.333,26.666999999999998,22.666999999999998,23.0,81.667,22.0,60.333,28.666999999999998,80.0,28.666999999999998,19.667,13.667,17.333,101.667,82.333,57.667,28.666999999999998
337,0.667,120.333,65.333,65.667,55.0,56.667,50.0,91.333,26.333000000000002,21.666999999999998,22.666999999999998,66.667,21.666999999999998,59.0,28.333000000000002,84.667,18.667,18.333,14.667,18.667,108.333,83.333,54.0,39.333
338,0.667,116.333,65.333,64.667,55.667,56.667,56.333,95.0,24.666999999999998,18.667,22.333000000000002,41.667,21.0,48.333,29.666999999999998,90.333,19.333,22.333000000000002,15.667,32.333,109.667,83.333,48.667,54.0
339,0.667,111.0,63.333,62.0,55.333,56.667,61.333,90.333,25.0,22.666999999999998,22.0,27.0,21.666999999999998,41.667,28.0,102.0,18.0,29.666999999999998,16.333,50.0,112.333,83.0,42.333,61.667
340,0.667,116.333,63.333,62.0,55.333,55.667,62.667,89.0,26.333000000000002,30.333000000000002,22.333000000000002,17.333,20.666999999999998,39.0,28.0,101.333,18.0,40.0,20.666999999999998,57.0,115.667,81.667,34.667,72.667
341,0.0,120.0,62.0,62.667,58.0,55.0,60.667,79.0,27.0,23.0,22.333000000000002,13.667,20.0,31.0,27.333000000000002,97.333,20.0,54.667,26.0,66.667,117.667,78.0,26.666999999999998,72.333
342,,118.333,62.667,62.0,54.333,55.0,58.0,67.667,27.666999999999998,20.666999999999998,22.333000000000002,13.667,19.667,21.666999999999998,25.666999999999998,95.0,25.666999999999998,67.667,33.0,72.333,119.0,75.667,21.0,75.0
343,,116.333,60.333,61.333,53.0,54.333,55.333,42.667,26.333000000000002,21.666999999999998,20.0,13.667,18.0,24.333000000000002,25.666999999999998,92.667,34.333,71.0,43.333,80.333,117.667,71.0,16.333,74.667
344,,120.333,60.333,61.0,52.333,54.333,53.333,24.666999999999998,25.666999999999998,21.0,20.666999999999998,13.333,18.667,26.0,25.0,88.333,56.667,79.0,56.0,93.667,117.667,60.667,16.333,76.667
345,,117.0,59.333,61.0,53.667,55.0,47.0,18.0,24.0,21.0,20.333,13.333,17.667,27.666999999999998,24.0,86.333,66.0,84.333,64.0,89.667,113.333,52.0,14.667,76.667
346,,116.333,57.667,61.333,53.0,54.333,35.333,16.333,25.666999999999998,20.666999999999998,20.0,20.0,17.667,32.0,24.0,70.667,77.0,90.0,70.333,94.333,110.0,46.667,13.333,78.667
347,,116.667,56.667,62.667,50.667,54.333,35.667,17.333,28.0,21.666999999999998,20.0,26.666999999999998,17.667,34.0,24.0,67.333,84.333,90.0,79.667,94.0,102.667,31.666999999999998,16.0,79.0
348,,117.667,54.0,62.667,51.667,54.333,36.333,22.0,28.666999999999998,22.0,20.0,42.667,17.667,39.0,23.0,60.333,90.333,90.0,75.667,100.0,100.0,25.0,28.333000000000002,75.667
349,,120.0,50.333,62.667,51.0,53.333,41.333,36.667,26.333000000000002,21.666999999999998,22.333000000000002,52.0,18.333,42.667,24.0,42.333,93.667,88.333,76.667,98.667,96.667,20.333,40.333,75.0
350,,122.0,47.333,60.667,53.667,55.0,38.667,48.0,24.0,20.666999999999998,22.333000000000002,57.667,18.0,43.0,24.333000000000002,21.333000000000002,98.333,84.667,82.333,95.333,89.667,18.333,42.0,76.333
351,,119.333,45.667,62.0,56.333,55.333,48.0,56.333,25.0,21.0,22.666999999999998,65.0,18.667,46.333,25.0,15.333,99.0,80.0,76.667,92.667,77.0,20.0,55.333,69.333
352,,116.0,35.0,62.0,51.667,54.667,49.667,70.333,26.333000000000002,22.0,22.666999999999998,64.0,18.667,47.333,26.333000000000002,11.333,94.333,75.667,77.667,89.667,68.667,18.667,61.0,65.667
353,,115.0,30.333000000000002,60.667,48.333,53.667,49.0,67.0,27.0,21.666999999999998,22.666999999999998,63.0,19.333,46.667,25.666999999999998,11.333,98.333,68.0,74.667,81.0,58.667,18.0,71.667,55.0
354,,104.0,31.0,60.333,51.667,53.0,49.0,66.333,28.0,21.666999999999998,22.333000000000002,59.0,18.667,45.0,24.333000000000002,11.333,90.0,60.667,71.0,79.667,41.333,17.667,81.667,42.0
355,,110.667,22.333000000000002,61.667,54.667,52.333,49.0,65.0,27.0,21.666999999999998,22.333000000000002,54.333,19.333,42.667,25.666999999999998,11.333,84.667,55.333,65.0,76.0,29.333000000000002,20.333,84.667,34.0
356,,112.667,22.0,57.667,54.667,51.667,46.667,57.667,26.333000000000002,23.333000000000002,21.666999999999998,38.333,18.667,38.0,28.0,13.333,79.0,49.333,52.667,67.333,18.333,29.333000000000002,89.667,32.0
357,,104.333,22.0,59.333,54.333,52.333,43.667,44.0,26.666999999999998,23.0,20.666999999999998,33.0,19.333,35.0,26.333000000000002,17.0,64.0,36.0,47.667,53.333,18.333,35.0,96.333,30.666999999999998
358,,102.667,19.333,60.333,54.333,54.0,41.667,38.667,28.333000000000002,23.333000000000002,21.0,22.333000000000002,19.333,31.0,26.333000000000002,22.333000000000002,57.333,31.0,36.0,39.667,20.333,37.333,100.0,17.667
359,,99.667,14.0,57.667,54.333,56.333,41.333,28.0,28.666999999999998,23.333000000000002,20.0,14.667,18.667,30.333000000000002,24.666999999999998,29.666999999999998,49.667,26.333000000000002,28.0,27.0,20.0,43.333,100.0,14.667
360,,96.667,12.667,50.667,55.0,54.667,42.333,24.0,30.333000000000002,24.0,20.0,11.333,18.667,28.666999999999998,24.333000000000002,39.0,36.0,25.666999999999998,21.666999999999998,20.0,21.0,53.333,104.0,12.667
361,,94.667,11.0,58.0,53.333,51.667,41.333,23.0,31.0,26.0,20.0,11.333,17.0,23.333000000000002,26.333000000000002,45.333,21.333000000000002,26.333000000000002,20.333,15.333,25.333000000000002,59.333,108.0,12.333
362,,90.0,11.0,59.333,52.0,53.0,40.333,24.333000000000002,31.666999999999998,26.333000000000002,20.0,11.333,15.667,22.666999999999998,24.0,54.333,11.333,43.0,21.0,15.333,30.666999999999998,61.667,106.667,12.333
363,,88.667,9.333,59.333,49.667,52.333,42.0,29.333000000000002,27.0,25.0,20.0,11.333,13.333,22.0,28.0,55.667,11.333,60.333,21.0,15.0,46.667,63.333,105.333,12.333
364,,82.0,9.333,59.0,47.333,51.667,43.333,31.333000000000002,28.0,25.666999999999998,21.0,12.667,15.333,21.666999999999998,25.0,59.667,11.333,67.667,29.666999999999998,15.0,64.667,66.333,111.667,12.667
365,,75.667,8.0,58.0,46.333,52.333,44.333,36.0,25.666999999999998,28.0,20.333,13.0,15.0,23.333000000000002,25.666999999999998,63.0,11.333,77.0,41.667,17.667,72.0,66.0,103.0,14.667
366,,72.333,8.0,56.0,45.0,51.0,44.333,41.333,26.333000000000002,27.0,20.666999999999998,18.667,15.667,27.666999999999998,28.0,62.333,12.333,89.333,39.0,17.333,84.0,66.667,98.333,15.333
367,,68.0,5.667000000000001,58.0,44.333,48.667,44.333,42.667,26.333000000000002,28.333000000000002,20.0,20.333,15.667,30.666999999999998,25.0,64.333,13.0,93.667,50.333,23.333000000000002,89.333,66.0,94.667,19.333
368,,63.333,5.667000000000001,57.0,43.333,47.333,43.667,43.667,26.333000000000002,28.333000000000002,20.333,23.333000000000002,15.333,33.667,24.0,55.667,18.0,98.667,69.333,25.666999999999998,95.333,58.333,87.0,24.333000000000002
369,,56.333,3.667,60.0,39.667,44.667,42.667,43.667,25.666999999999998,27.666999999999998,20.0,28.666999999999998,16.0,35.0,22.333000000000002,51.667,24.333000000000002,109.333,78.667,41.0,99.333,57.667,80.667,30.333000000000002
370,,53.667,3.667,55.333,37.0,48.667,43.333,40.333,25.666999999999998,28.333000000000002,20.0,31.0,15.667,35.0,22.0,44.0,35.0,112.0,86.0,46.667,101.667,49.0,73.0,37.0
371,,47.667,2.0,59.333,35.667,49.667,41.0,37.0,25.333000000000002,28.333000000000002,19.667,31.0,15.333,34.333,22.333000000000002,38.0,44.333,112.0,95.0,57.667,110.0,39.667,62.667,42.333
372,,42.333,2.0,58.667,31.666999999999998,49.667,40.333,33.667,27.333000000000002,28.0,18.0,32.0,15.333,33.667,22.666999999999998,30.0,51.667,119.0,99.667,60.333,104.667,37.333,50.667,44.667
373,,30.666999999999998,1.0,58.667,26.666999999999998,49.667,39.667,32.667,27.666999999999998,29.333000000000002,18.333,30.666999999999998,15.667,31.0,22.666999999999998,22.0,56.333,116.667,104.667,65.667,100.667,33.0,39.333,45.0
374,,27.666999999999998,1.0,56.0,25.333000000000002,49.0,39.667,32.0,29.666999999999998,23.0,19.667,23.666999999999998,15.667,31.0,23.666999999999998,17.333,60.333,115.667,104.667,72.333,102.0,23.0,30.666999999999998,45.0
375,,22.0,0.667,58.0,22.333000000000002,48.333,39.667,32.0,32.0,24.333000000000002,20.0,20.666999999999998,15.333,31.0,23.333000000000002,13.667,56.667,117.333,103.667,75.0,96.667,18.0,21.666999999999998,45.0
376,,20.333,0.667,56.0,21.0,47.667,40.333,32.0,33.333,25.333000000000002,20.333,20.333,15.0,30.0,23.333000000000002,13.667,59.333,113.333,110.667,71.0,95.0,20.0,18.0,45.667
377,,17.667,0.667,55.333,21.0,44.333,39.667,32.333,33.333,24.333000000000002,20.333,15.667,15.0,29.333000000000002,23.333000000000002,13.667,60.667,103.333,113.667,70.333,90.0,19.333,17.667,45.667
378,,15.333,0.667,54.333,18.667,45.0,39.667,34.333,34.667,23.333000000000002,20.333,13.333,14.667,27.333000000000002,24.666999999999998,13.667,60.333,93.667,107.667,65.667,82.333,18.0,17.667,42.667
379,,12.667,0.0,54.333,15.667,45.0,38.333,35.0,33.333,23.333000000000002,19.667,15.333,15.0,26.333000000000002,25.0,15.0,55.667,96.333,99.0,65.333,68.667,16.333,17.667,40.333
380,,12.667,0.0,48.667,14.667,45.667,39.667,38.0,36.0,22.666999999999998,20.0,14.667,15.0,27.333000000000002,25.0,18.0,45.333,74.667,101.0,59.667,59.333,36.333,20.0,34.333
381,,10.667,0.0,45.0,11.333,48.333,38.667,35.0,33.333,23.333000000000002,18.333,14.0,16.333,27.333000000000002,27.333000000000002,20.333,40.0,59.667,96.333,54.0,50.0,40.333,25.333000000000002,23.0
382,,10.667,0.0,45.667,11.333,48.333,38.667,36.333,32.667,18.667,18.333,14.667,15.333,26.333000000000002,28.0,25.333000000000002,31.333000000000002,48.667,88.667,47.0,47.667,53.0,32.333,20.333
383,,8.0,0.0,43.667,9.0,49.0,36.667,33.333,32.0,17.667,18.333,15.0,13.667,26.333000000000002,28.0,30.666999999999998,27.666999999999998,37.667,80.333,26.0,37.0,57.667,48.667,17.333
384,,8.0,0.0,39.667,9.0,48.0,36.667,32.667,30.666999999999998,15.0,18.0,19.333,14.0,25.666999999999998,28.666999999999998,33.333,21.666999999999998,22.333000000000002,66.333,24.333000000000002,23.333000000000002,73.333,57.667,15.667
385,,5.667000000000001,0.0,33.667,7.667000000000001,50.0,37.333,28.333000000000002,31.0,14.0,18.0,18.667,14.0,25.0,27.333000000000002,35.0,17.667,16.333,55.0,20.0,15.667,77.333,65.333,14.0
386,,5.667000000000001,0.0,29.333000000000002,7.667000000000001,51.0,38.0,27.333000000000002,31.666999999999998,12.667,18.0,20.333,13.667,27.333000000000002,26.666999999999998,35.333,12.667,17.667,42.0,18.667,11.333,83.0,71.0,14.0
387,,4.0,0.0,30.0,,51.0,38.0,27.0,30.666999999999998,12.667,17.667,20.666999999999998,14.667,28.0,26.666999999999998,37.667,12.667,17.667,20.0,17.0,11.333,88.0,72.667,13.667
388,,4.0,0.0,29.0,,51.0,38.667,27.0,28.333000000000002,11.333,18.667,21.0,15.0,28.0,24.0,37.0,11.333,17.0,17.333,16.333,11.333,95.333,83.333,12.667
389,,3.333,0.0,29.666999999999998,,51.333,39.667,27.0,27.333000000000002,11.333,19.667,21.0,16.333,28.666999999999998,24.0,37.0,11.333,20.0,15.667,17.333,11.333,100.333,87.0,15.667
390,,3.333,0.0,26.666999999999998,,53.333,39.667,29.0,24.333000000000002,9.0,20.0,18.667,16.333,28.333000000000002,23.0,33.333,12.333,23.0,15.667,18.333,11.333,102.333,90.0,16.333
391,,2.667,0.0,20.0,,54.0,37.333,32.333,24.0,9.0,19.667,18.667,13.667,29.0,22.333000000000002,28.666999999999998,12.333,39.333,15.667,19.667,17.0,104.0,93.667,26.0
392,,2.667,0.0,16.333,,54.0,38.0,33.667,23.0,6.667000000000001,20.0,15.333,15.667,28.333000000000002,22.666999999999998,24.333000000000002,12.667,54.333,15.667,25.0,18.0,104.667,96.667,31.333000000000002
393,,1.3330000000000002,0.0,15.667,,54.0,37.333,32.333,23.0,6.667000000000001,20.0,15.333,14.667,28.333000000000002,20.666999999999998,22.333000000000002,13.667,60.333,20.0,34.667,27.0,110.0,97.0,39.667
394,,1.3330000000000002,0.0,11.667,,52.333,37.333,33.0,22.666999999999998,5.332999999999999,20.0,13.333,15.667,27.0,22.0,21.0,17.333,69.0,24.333000000000002,42.0,33.667,110.0,98.0,50.333
395,,0.667,0.0,11.333,,48.333,35.333,29.0,21.0,5.332999999999999,19.667,12.667,15.333,26.333000000000002,22.0,20.333,20.333,76.0,31.333000000000002,46.667,46.0,108.333,95.333,62.667
396,,0.667,0.0,10.0,,50.0,35.333,30.0,21.0,4.0,18.667,12.667,16.0,27.0,22.333000000000002,19.333,25.666999999999998,83.333,44.0,52.667,50.0,106.667,94.667,67.667
397,,0.0,0.0,10.0,,48.333,37.667,27.666999999999998,19.333,4.0,17.333,12.333,16.333,28.333000000000002,22.666999999999998,19.667,28.666999999999998,89.0,57.333,55.667,58.0,99.333,90.667,75.333
398,,0.0,0.0,6.667000000000001,,48.333,39.333,27.666999999999998,17.333,2.667,17.0,12.333,15.333,28.333000000000002,24.666999999999998,15.0,31.666999999999998,94.667,69.0,61.0,60.0,98.0,90.0,79.333
399,,,0.0,6.667000000000001,,49.0,37.0,27.666999999999998,15.0,2.667,16.333,13.667,15.0,28.333000000000002,25.666999999999998,15.333,33.333,95.333,75.667,57.333,63.0,92.0,80.0,88.0
400,,,0.0,4.0,,46.667,34.333,27.666999999999998,14.0,1.3330000000000002,17.333,13.667,15.0,27.333000000000002,26.333000000000002,15.0,34.0,92.0,78.0,63.667,61.333,84.333,74.667,91.333
401,,,0.0,4.0,,47.333,33.667,28.333000000000002,12.667,1.3330000000000002,16.333,15.0,15.0,26.333000000000002,27.666999999999998,14.667,34.0,92.667,88.333,60.667,58.333,77.667,61.0,93.667
402,,,0.0,3.667,,47.333,33.667,28.333000000000002,12.667,1.0,18.0,17.667,15.0,25.666999999999998,29.0,15.0,31.666999999999998,89.333,88.333,65.333,60.333,63.0,57.667,94.333
403,,,0.0,3.667,,46.333,34.333,27.333000000000002,9.333,1.0,17.667,15.333,15.0,25.666999999999998,30.0,15.333,25.666999999999998,92.333,96.667,63.333,61.667,46.333,47.667,95.667
404,,,0.0,2.0,,45.667,35.0,27.333000000000002,9.333,0.667,18.0,14.0,15.0,26.333000000000002,32.0,18.0,24.0,84.333,96.667,60.667,54.667,38.333,40.667,95.0
405,,,0.0,2.0,,45.667,34.333,26.333000000000002,7.667000000000001,0.667,19.333,14.667,14.0,28.0,32.667,19.333,23.0,76.333,89.0,54.667,50.0,30.0,30.0,91.667
406,,,0.0,1.0,,49.667,35.667,24.666999999999998,7.667000000000001,0.667,18.333,14.0,14.667,28.0,33.333,21.0,17.333,57.333,85.667,50.0,50.0,31.333000000000002,18.333,98.667
407,,,0.0,1.0,,49.0,34.333,26.333000000000002,5.332999999999999,0.667,19.333,14.667,14.667,28.0,33.667,21.666999999999998,15.667,51.333,84.333,38.333,40.667,18.667,12.333,89.333
408,,,0.0,0.667,,49.0,36.333,27.0,5.332999999999999,0.667,19.667,14.667,13.667,26.333000000000002,35.333,21.666999999999998,11.0,35.333,79.667,37.0,36.667,19.667,12.333,93.333
409,,,0.0,0.667,,49.0,35.0,28.0,4.0,0.667,20.0,15.0,14.0,24.333000000000002,37.667,21.666999999999998,11.0,27.333000000000002,71.0,25.333000000000002,25.666999999999998,18.0,11.0,89.333
410,,,0.0,0.0,,47.333,34.333,28.0,4.0,0.0,20.0,14.667,14.667,22.666999999999998,38.667,21.666999999999998,11.333,11.0,63.333,20.0,22.666999999999998,19.333,11.0,84.667
411,,,0.0,0.0,,49.667,33.667,25.0,2.0,0.0,20.666999999999998,14.667,13.667,22.666999999999998,39.333,21.666999999999998,11.333,10.0,58.0,16.333,18.333,18.333,11.0,82.667
412,,,0.0,0.0,,53.333,35.333,26.333000000000002,2.0,0.0,21.0,14.667,13.0,21.666999999999998,37.667,22.666999999999998,11.333,9.0,44.333,17.0,16.0,22.0,11.0,76.667
413,,,0.0,0.0,,49.667,36.333,25.666999999999998,1.3330000000000002,0.0,22.333000000000002,14.667,14.667,22.333000000000002,36.0,23.333000000000002,11.333,9.0,28.666999999999998,17.0,10.667,34.333,11.333,69.0
414,,,0.0,0.0,,53.333,39.0,28.0,1.3330000000000002,0.0,25.333000000000002,15.0,15.333,22.666999999999998,35.333,22.333000000000002,12.333,9.0,20.0,16.333,10.667,41.667,11.333,56.333
415,,,0.0,0.0,,47.333,38.333,25.666999999999998,1.0,0.0,26.333000000000002,14.667,15.667,22.666999999999998,34.333,21.666999999999998,12.333,9.0,13.333,18.333,10.0,54.667,15.0,54.667
416,,,0.0,0.0,,46.0,38.333,26.333000000000002,1.0,0.0,27.333000000000002,13.333,16.0,24.0,34.333,21.0,14.667,10.0,11.333,27.333000000000002,10.0,64.0,20.333,42.333
417,,,0.0,0.0,,47.333,35.333,26.333000000000002,0.667,0.0,26.333000000000002,13.667,17.667,24.666999999999998,33.333,22.333000000000002,15.667,10.0,9.0,40.333,10.667,76.0,28.333000000000002,30.666999999999998
418,,,0.0,0.0,,45.0,36.333,26.333000000000002,0.667,0.0,26.333000000000002,14.0,17.667,24.0,32.667,19.667,18.333,17.0,9.0,52.0,10.667,80.667,35.333,23.333000000000002
419,,,,0.0,,44.333,37.667,25.0,,0.0,25.666999999999998,14.667,19.667,25.0,32.0,19.333,19.333,19.333,9.0,62.0,12.667,90.0,41.333,17.667
420,,,,0.0,,43.333,38.667,28.666999999999998,,0.0,25.666999999999998,14.667,20.333,28.333000000000002,31.0,16.333,20.0,33.333,9.0,75.0,13.333,88.333,48.667,17.667
421,,,,0.0,,44.0,34.333,28.333000000000002,,0.0,25.666999999999998,15.0,20.0,34.0,28.666999999999998,16.0,20.0,38.667,10.667,80.667,18.333,92.0,57.667,17.0
422,,,,0.0,,36.667,36.333,29.0,,0.0,25.666999999999998,14.667,20.666999999999998,36.333,22.666999999999998,15.333,19.667,42.667,10.667,87.667,20.666999999999998,92.0,60.333,17.333
423,,,,0.0,,36.0,35.333,29.0,,0.0,23.0,13.667,20.666999999999998,38.333,18.667,15.333,19.667,52.0,18.0,88.667,25.666999999999998,92.667,60.0,17.667
424,,,,0.0,,30.0,36.333,29.0,,0.0,23.0,13.333,21.0,39.333,19.333,14.0,17.667,54.667,25.333000000000002,93.333,30.333000000000002,92.667,59.333,18.0
425,,,,0.0,,31.333000000000002,34.333,29.0,,,21.666999999999998,13.333,21.666999999999998,39.333,17.0,13.667,18.667,53.667,25.333000000000002,101.333,33.667,92.0,58.667,25.666999999999998
426,,,,,,28.333000000000002,36.333,30.0,,,21.666999999999998,12.667,21.0,41.333,15.333,13.0,15.333,54.667,37.333,102.667,39.667,90.667,53.333,26.333000000000002
427,,,,,,27.0,36.333,28.333000000000002,,,20.333,12.667,21.0,43.333,13.333,13.333,16.0,54.667,43.333,101.667,37.0,88.0,51.333,32.667
428,,,,,,22.333000000000002,37.0,29.0,,,20.0,12.667,20.0,43.0,13.333,13.333,15.333,50.333,46.667,102.333,37.0,85.0,51.333,46.0
429,,,,,,20.0,37.667,28.333000000000002,,,18.667,13.333,19.333,43.0,11.333,13.333,15.667,46.333,57.0,102.667,38.333,79.0,46.0,55.667
430,,,,,,20.0,38.333,27.666999999999998,,,17.667,13.667,18.667,43.667,11.333,13.667,15.0,42.667,59.333,102.667,36.333,73.333,41.333,61.667
431,,,,,,18.667,37.0,27.666999999999998,,,15.0,13.667,16.0,43.667,9.333,14.0,15.0,35.0,55.667,97.667,36.667,67.667,36.333,70.333
432,,,,,,18.0,37.0,28.333000000000002,,,15.0,14.667,16.0,43.667,9.333,15.333,15.0,28.333000000000002,55.667,94.0,31.333000000000002,63.0,29.0,82.0
433,,,,,,13.667,36.667,28.333000000000002,,,12.667,15.0,16.0,44.333,8.0,16.0,15.0,19.333,54.667,89.0,28.0,52.0,21.0,80.333
434,,,,,,12.667,36.667,29.333000000000002,,,12.667,14.0,15.0,44.667,8.0,18.0,14.667,12.333,57.0,85.0,23.333000000000002,45.667,20.0,84.333
435,,,,,,10.0,37.667,27.666999999999998,,,11.333,14.667,14.667,44.0,6.332999999999999,18.667,14.667,12.333,54.0,70.667,15.333,33.667,15.0,84.0
436,,,,,,10.0,39.333,30.0,,,11.333,14.667,13.667,40.0,6.332999999999999,20.0,14.667,9.333,40.0,63.667,15.333,23.333000000000002,13.667,89.333
437,,,,,,7.667000000000001,38.667,30.0,,,9.333,15.0,11.333,39.333,5.0,22.0,13.667,9.333,32.333,51.667,13.667,18.667,9.333,97.0
438,,,,,,7.667000000000001,39.333,30.0,,,9.333,15.667,11.333,37.667,5.0,22.666999999999998,14.667,9.333,24.333000000000002,40.667,12.667,13.667,9.333,92.667
439,,,,,,5.667000000000001,41.333,30.0,,,6.667000000000001,16.0,11.0,36.333,3.667,24.666999999999998,14.667,9.333,18.333,25.666999999999998,12.333,12.333,8.0,85.333
440,,,,,,5.667000000000001,43.333,29.333000000000002,,,6.667000000000001,19.333,11.0,34.667,3.667,22.666999999999998,14.0,9.333,15.0,21.666999999999998,12.333,12.333,8.0,88.0
441,,,,,,5.0,41.333,28.666999999999998,,,5.667000000000001,19.667,9.333,32.0,2.0,27.333000000000002,14.667,9.333,10.667,16.333,12.333,12.333,8.0,85.333
442,,,,,,5.0,43.333,33.333,,,5.667000000000001,20.0,9.333,28.333000000000002,2.0,24.0,13.667,10.667,10.667,16.0,12.333,12.333,8.0,84.667
443,,,,,,3.667,42.0,32.0,,,5.332999999999999,20.333,8.0,28.333000000000002,1.3330000000000002,22.333000000000002,13.333,10.667,9.0,13.667,12.333,14.667,9.0,82.0
444,,,,,,3.667,38.667,32.667,,,5.332999999999999,19.667,8.0,26.333000000000002,1.3330000000000002,27.666999999999998,12.667,15.333,9.0,14.667,12.333,17.0,9.0,76.667
445,,,,,,2.0,33.333,32.0,,,3.667,20.0,5.667000000000001,23.333000000000002,1.3330000000000002,34.333,12.667,20.666999999999998,9.0,15.0,12.667,26.0,11.333,66.0
446,,,,,,2.0,32.0,31.333000000000002,,,3.667,20.333,5.667000000000001,20.333,1.3330000000000002,34.667,12.667,22.0,9.0,17.333,14.667,28.333000000000002,11.667,61.333
447,,,,,,1.3330000000000002,29.666999999999998,32.0,,,2.667,20.333,5.332999999999999,19.667,1.0,34.667,13.667,25.333000000000002,9.0,25.0,16.333,50.0,16.0,54.333
448,,,,,,1.3330000000000002,27.666999999999998,32.0,,,2.667,21.0,5.332999999999999,15.0,1.0,27.666999999999998,12.667,29.333000000000002,9.0,41.667,15.667,48.333,17.667,47.333
449,,,,,,1.0,24.666999999999998,32.0,,,1.3330000000000002,20.0,4.0,15.0,0.667,29.0,12.667,27.333000000000002,10.667,53.667,16.333,54.0,19.667,30.666999999999998
450,,,,,,1.0,26.333000000000002,32.0,,,1.3330000000000002,18.0,4.0,12.333,0.667,25.666999999999998,12.333,24.666999999999998,11.667,53.667,16.0,54.667,20.0,23.0
451,,,,,,0.667,23.666999999999998,29.0,,,0.667,18.333,3.667,12.333,0.0,26.333000000000002,12.333,24.666999999999998,15.333,62.333,16.0,57.667,22.666999999999998,17.0
452,,,,,,0.667,22.0,27.666999999999998,,,0.667,18.333,3.667,10.667,0.0,25.0,12.667,24.333000000000002,17.333,69.667,17.0,61.667,25.0,13.667
453,,,,,,0.0,19.667,26.333000000000002,,,0.667,17.0,2.667,10.667,0.0,22.666999999999998,12.667,22.333000000000002,19.333,75.0,17.667,64.333,26.0,11.0
454,,,,,,0.0,18.333,25.666999999999998,,,0.667,15.667,2.667,8.333,0.0,22.333000000000002,13.333,18.667,22.333000000000002,75.667,17.0,65.0,27.0,11.0
455,,,,,,0.0,14.0,27.333000000000002,,,0.0,14.667,2.0,8.333,0.0,22.333000000000002,13.667,15.667,20.0,81.667,16.333,65.0,24.0,11.0
456,,,,,,0.0,13.333,27.333000000000002,,,0.0,14.0,2.0,6.332999999999999,0.0,21.0,15.667,13.667,20.666999999999998,86.333,17.667,56.333,24.0,11.0
457,,,,,,0.0,11.0,24.333000000000002,,,0.0,14.0,1.3330000000000002,6.332999999999999,0.0,18.0,15.667,12.667,20.333,83.667,15.333,49.0,22.333000000000002,11.333
458,,,,,,0.0,11.0,22.333000000000002,,,0.0,12.667,1.3330000000000002,5.0,0.0,16.0,17.667,12.333,20.666999999999998,82.333,14.0,45.0,22.0,11.667
459,,,,,,0.0,9.333,17.333,,,0.0,12.333,1.0,5.0,0.0,16.0,18.0,12.333,18.0,82.0,14.0,44.333,19.667,14.667
460,,,,,,0.0,9.333,16.0,,,0.0,11.0,1.0,4.0,0.0,14.667,20.0,11.333,17.0,77.333,14.0,34.333,19.333,20.333
461,,,,,,0.0,8.333,14.667,,,0.0,11.0,,4.0,0.0,14.667,20.333,11.333,15.667,73.0,13.667,21.0,13.333,27.666999999999998
462,,,,,,0.0,8.333,14.0,,,0.0,8.0,,2.667,0.0,11.333,21.666999999999998,11.0,15.667,67.333,13.333,19.667,13.0,27.666999999999998
463,,,,,,0.0,5.667000000000001,13.333,,,,8.0,,2.667,0.0,11.333,22.333000000000002,11.0,14.667,62.667,13.333,14.0,10.0,38.333
464,,,,,,0.0,5.667000000000001,14.0,,,,5.332999999999999,,1.3330000000000002,0.0,8.333,23.0,11.667,14.0,53.333,13.667,12.667,10.0,37.667
465,,,,,,0.0,5.0,11.333,,,,5.332999999999999,,1.3330000000000002,0.0,8.333,23.333000000000002,11.333,13.0,52.0,14.667,9.333,8.0,38.667
466,,,,,,0.0,5.0,11.333,,,,5.332999999999999,,1.0,0.0,8.0,21.0,11.667,12.333,31.0,16.0,9.333,8.0,42.667
467,,,,,,0.0,2.0,10.0,,,,5.332999999999999,,1.0,0.0,8.0,21.666999999999998,11.0,9.333,20.0,18.0,9.0,6.667000000000001,42.667
468,,,,,,,2.0,10.0,,,,5.0,,1.0,0.0,6.667000000000001,21.666999999999998,11.0,9.333,15.0,17.667,9.0,6.667000000000001,42.667
469,,,,,,,0.667,6.667000000000001,,,,5.0,,1.0,0.0,6.667000000000001,22.0,11.0,9.0,9.0,20.0,9.0,6.667000000000001,42.0
470,,,,,,,0.667,6.667000000000001,,,,2.667,,1.0,0.0,5.332999999999999,22.0,11.0,9.0,9.0,19.333,9.0,6.667000000000001,39.333
471,,,,,,,0.667,3.667,,,,2.667,,1.0,0.0,5.332999999999999,22.333000000000002,11.0,9.0,9.0,20.333,9.0,6.667000000000001,37.667
472,,,,,,,0.667,3.667,,,,2.0,,1.0,0.0,5.332999999999999,20.333,11.0,9.0,9.0,20.0,9.0,6.667000000000001,31.666999999999998
473,,,,,,,0.0,2.667,,,,2.0,,1.0,,5.332999999999999,21.0,11.0,9.0,9.0,20.0,9.0,7.667000000000001,29.333000000000002
474,,,,,,,0.0,2.667,,,,1.3330000000000002,,0.0,,3.667,18.333,12.333,9.0,9.0,20.0,9.0,7.667000000000001,22.0
475,,,,,,,0.0,2.0,,,,1.3330000000000002,,0.0,,3.667,18.0,11.0,10.667,13.667,20.666999999999998,10.0,9.0,17.333
476,,,,,,,0.0,2.0,,,,1.0,,0.0,,2.0,15.333,11.0,10.667,15.0,21.666999999999998,10.0,9.0,15.333
477,,,,,,,0.0,1.0,,,,1.0,,0.0,,2.0,14.667,11.0,11.0,19.333,22.333000000000002,11.0,9.333,12.667
478,,,,,,,0.0,1.0,,,,0.667,,0.0,,1.0,14.667,11.0,11.0,23.666999999999998,21.666999999999998,11.0,9.333,11.333
479,,,,,,,0.0,0.667,,,,0.667,,0.0,,1.0,14.0,11.0,11.667,33.667,20.666999999999998,12.333,11.333,9.0
480,,,,,,,0.0,0.667,,,,0.0,,0.0,,0.667,12.667,11.333,11.333,37.667,20.666999999999998,12.667,11.333,9.0
481,,,,,,,0.0,0.0,,,,0.0,,0.0,,0.667,13.333,11.333,13.333,43.0,20.333,13.0,14.0,8.333
482,,,,,,,0.0,0.0,,,,0.0,,0.0,,0.0,10.667,12.333,15.333,44.0,19.667,13.333,17.0,8.333
483,,,,,,,0.0,0.0,,,,0.0,,0.0,,0.0,10.667,12.333,15.0,44.667,18.667,13.333,20.333,8.0
484,,,,,,,0.0,0.0,,,,0.0,,0.0,,0.0,8.333,12.333,15.0,44.0,19.667,13.0,20.333,8.0
485,,,,,,,0.0,0.0,,,,0.0,,0.0,,0.0,8.333,13.0,16.333,42.667,17.333,13.333,20.666999999999998,8.0
486,,,,,,,0.0,0.0,,,,0.0,,0.0,,0.0,6.667000000000001,13.0,17.667,36.667,15.333,12.667,21.0,8.0
487,,,,,,,0.0,0.0,,,,0.0,,0.0,,0.0,6.667000000000001,13.667,20.0,32.667,13.667,13.333,20.333,8.333
488,,,,,,,0.0,0.0,,,,0.0,,0.0,,0.0,5.667000000000001,16.0,20.0,30.0,12.667,13.333,20.666999999999998,8.333
489,,,,,,,0.0,0.0,,,,0.0,,0.0,,0.0,5.667000000000001,17.0,20.0,27.333000000000002,12.667,13.333,20.333,9.0
490,,,,,,,0.0,0.0,,,,0.0,,0.0,,0.0,5.0,17.0,20.0,21.666999999999998,12.333,13.0,20.666999999999998,9.0
491,,,,,,,0.0,0.0,,,,0.0,,0.0,,0.0,5.0,16.0,19.333,21.0,11.0,13.333,20.0,10.0
492,,,,,,,0.0,0.0,,,,0.0,,,,0.0,3.333,16.333,19.333,15.333,11.0,14.0,21.666999999999998,10.0
493,,,,,,,0.0,0.0,,,,0.0,,,,0.0,3.333,16.333,17.333,11.667,9.0,13.667,19.333,10.667
494,,,,,,,0.0,,,,,0.0,,,,0.0,2.667,17.667,17.0,11.333,9.0,13.667,19.667,10.667
495,,,,,,,0.0,,,,,0.0,,,,0.0,2.667,18.667,15.333,9.0,7.667000000000001,14.667,17.667,11.0
496,,,,,,,0.0,,,,,0.0,,,,0.0,1.3330000000000002,20.0,14.667,9.0,7.667000000000001,15.333,18.0,11.0
497,,,,,,,0.0,,,,,0.0,,,,0.0,1.3330000000000002,20.0,13.0,7.667000000000001,5.667000000000001,13.667,16.0,13.0
498,,,,,,,0.0,,,,,0.0,,,,0.0,1.0,20.0,12.333,7.667000000000001,5.667000000000001,14.667,16.0,13.0
499,,,,,,,0.0,,,,,0.0,,,,0.0,1.0,20.0,11.0,7.667000000000001,4.0,15.0,11.333,13.0
500,,,,,,,0.0,,,,,0.0,,,,0.0,0.0,18.667,11.0,7.667000000000001,4.0,14.667,11.333,13.0
501,,,,,,,0.0,,,,,0.0,,,,0.0,0.0,19.333,9.333,8.0,2.667,15.333,11.0,13.0
502,,,,,,,0.0,,,,,0.0,,,,0.0,0.0,17.0,9.333,8.0,2.667,15.0,11.0,13.0
503,,,,,,,0.0,,,,,0.0,,,,0.0,0.0,15.0,8.0,8.333,1.3330000000000002,15.333,9.333,13.0
504,,,,,,,0.0,,,,,0.0,,,,0.0,0.0,13.667,8.0,8.333,1.3330000000000002,14.667,9.333,12.333
505,,,,,,,0.0,,,,,0.0,,,,0.0,0.0,12.333,5.667000000000001,9.0,1.0,14.0,8.0,12.333
506,,,,,,,0.0,,,,,0.0,,,,0.0,0.0,11.333,5.667000000000001,9.0,1.0,13.667,8.0,12.333
507,,,,,,,0.0,,,,,0.0,,,,0.0,0.0,11.0,4.0,9.0,0.667,14.0,5.667000000000001,11.0
508,,,,,,,0.0,,,,,0.0,,,,0.0,0.0,9.333,4.0,9.0,0.667,13.333,5.667000000000001,11.0
509,,,,,,,0.0,,,,,0.0,,,,0.0,0.0,9.333,3.667,9.333,0.667,12.667,5.0,9.333
510,,,,,,,0.0,,,,,0.0,,,,0.0,0.0,8.0,3.667,9.333,0.667,12.667,5.0,9.333
511,,,,,,,0.0,,,,,0.0,,,,0.0,0.0,8.0,3.333,10.0,0.0,11.333,2.667,7.667000000000001
512,,,,,,,0.0,,,,,0.0,,,,0.0,0.0,6.332999999999999,3.333,10.0,0.0,11.333,2.667,7.667000000000001
513,,,,,,,0.0,,,,,0.0,,,,0.0,0.0,6.332999999999999,2.0,11.0,0.0,10.667,1.3330000000000002,6.332999999999999
514,,,,,,,0.0,,,,,0.0,,,,0.0,0.0,5.332999999999999,2.0,11.0,0.0,10.667,1.3330000000000002,6.332999999999999
515,,,,,,,0.0,,,,,0.0,,,,0.0,0.0,5.332999999999999,1.3330000000000002,11.0,0.0,8.333,0.667,5.332999999999999
516,,,,,,,0.0,,,,,0.0,,,,0.0,0.0,4.0,1.3330000000000002,11.0,0.0,8.333,0.667,5.332999999999999
517,,,,,,,0.0,,,,,,,,,0.0,0.0,4.0,1.0,11.0,0.0,5.667000000000001,0.0,3.667
518,,,,,,,0.0,,,,,,,,,0.0,0.0,2.667,1.0,11.0,0.0,5.667000000000001,0.0,3.667
519,,,,,,,0.0,,,,,,,,,0.0,0.0,2.667,0.0,11.0,0.0,4.0,0.0,2.667
520,,,,,,,0.0,,,,,,,,,0.0,0.0,2.0,0.0,11.0,0.0,4.0,0.0,2.667
521,,,,,,,0.0,,,,,,,,,0.0,0.0,2.0,0.0,11.333,0.0,3.333,0.0,1.3330000000000002
522,,,,,,,0.0,,,,,,,,,0.0,0.0,1.3330000000000002,0.0,11.667,0.0,3.333,0.0,1.3330000000000002
523,,,,,,,0.0,,,,,,,,,0.0,0.0,1.3330000000000002,0.0,12.333,0.0,2.0,0.0,0.667
524,,,,,,,,,,,,,,,,0.0,0.0,1.0,0.0,12.333,0.0,2.0,0.0,0.667
525,,,,,,,,,,,,,,,,0.0,0.0,1.0,0.0,12.333,0.0,1.0,0.0,0.0
526,,,,,,,,,,,,,,,,0.0,0.0,0.667,0.0,12.667,0.0,1.0,0.0,0.0
527,,,,,,,,,,,,,,,,0.0,0.0,0.667,0.0,12.333,0.0,0.667,0.0,0.0
528,,,,,,,,,,,,,,,,0.0,0.0,0.0,0.0,12.333,0.0,0.667,0.0,0.0
529,,,,,,,,,,,,,,,,0.0,0.0,0.0,0.0,12.333,0.0,0.0,0.0,0.0
530,,,,,,,,,,,,,,,,0.0,0.0,0.0,0.0,12.333,0.0,0.0,0.0,0.0
531,,,,,,,,,,,,,,,,0.0,0.0,0.0,0.0,12.333,0.0,0.0,0.0,0.0
532,,,,,,,,,,,,,,,,0.0,0.0,0.0,0.0,12.333,0.0,0.0,0.0,0.0
533,,,,,,,,,,,,,,,,0.0,0.0,0.0,0.0,11.333,0.0,0.0,0.0,0.0
534,,,,,,,,,,,,,,,,0.0,0.0,0.0,0.0,11.333,0.0,0.0,0.0,0.0
535,,,,,,,,,,,,,,,,0.0,0.0,0.0,0.0,10.667,0.0,0.0,0.0,0.0
536,,,,,,,,,,,,,,,,0.0,0.0,0.0,0.0,10.667,0.0,0.0,0.0,0.0
537,,,,,,,,,,,,,,,,0.0,0.0,0.0,0.0,9.0,0.0,0.0,0.0,0.0
538,,,,,,,,,,,,,,,,0.0,0.0,0.0,0.0,9.0,0.0,0.0,0.0,0.0
539,,,,,,,,,,,,,,,,0.0,0.0,0.0,0.0,6.667000000000001,0.0,0.0,0.0,0.0
540,,,,,,,,,,,,,,,,0.0,0.0,0.0,0.0,6.667000000000001,0.0,0.0,0.0,0.0
541,,,,,,,,,,,,,,,,0.0,0.0,0.0,0.0,5.667000000000001,0.0,0.0,0.0,0.0
542,,,,,,,,,,,,,,,,0.0,0.0,0.0,0.0,5.667000000000001,0.0,0.0,0.0,0.0
543,,,,,,,,,,,,,,,,0.0,0.0,0.0,0.0,5.332999999999999,0.0,0.0,0.0,0.0
544,,,,,,,,,,,,,,,,0.0,0.0,0.0,0.0,5.332999999999999,0.0,0.0,0.0,0.0
545,,,,,,,,,,,,,,,,0.0,0.0,0.0,0.0,5.0,0.0,0.0,0.0,0.0
546,,,,,,,,,,,,,,,,0.0,0.0,0.0,0.0,5.0,0.0,0.0,0.0,0.0
547,,,,,,,,,,,,,,,,0.0,0.0,0.0,0.0,3.667,0.0,0.0,0.0,0.0
548,,,,,,,,,,,,,,,,0.0,0.0,0.0,0.0,3.667,0.0,0.0,0.0,0.0
549,,,,,,,,,,,,,,,,0.0,0.0,0.0,0.0,2.667,0.0,0.0,0.0,0.0
550,,,,,,,,,,,,,,,,0.0,0.0,0.0,0.0,2.667,0.0,,0.0,0.0
551,,,,,,,,,,,,,,,,0.0,0.0,0.0,0.0,1.3330000000000002,0.0,,0.0,0.0
552,,,,,,,,,,,,,,,,0.0,0.0,0.0,0.0,1.3330000000000002,0.0,,0.0,0.0
553,,,,,,,,,,,,,,,,0.0,0.0,0.0,0.0,0.667,0.0,,0.0,0.0
554,,,,,,,,,,,,,,,,0.0,0.0,0.0,0.0,0.667,0.0,,0.0,0.0
555,,,,,,,,,,,,,,,,0.0,0.0,0.0,0.0,0.0,0.0,,0.0,0.0
556,,,,,,,,,,,,,,,,0.0,0.0,0.0,0.0,0.0,0.0,,0.0,0.0
557,,,,,,,,,,,,,,,,0.0,0.0,0.0,0.0,0.0,0.0,,0.0,0.0
558,,,,,,,,,,,,,,,,0.0,0.0,0.0,0.0,0.0,0.0,,0.0,0.0
559,,,,,,,,,,,,,,,,0.0,0.0,0.0,0.0,0.0,0.0,,0.0,0.0
560,,,,,,,,,,,,,,,,0.0,0.0,0.0,0.0,0.0,0.0,,0.0,0.0
561,,,,,,,,,,,,,,,,0.0,0.0,0.0,0.0,0.0,0.0,,0.0,0.0
562,,,,,,,,,,,,,,,,0.0,0.0,0.0,0.0,0.0,0.0,,0.0,0.0
563,,,,,,,,,,,,,,,,0.0,0.0,0.0,0.0,0.0,0.0,,0.0,0.0
564,,,,,,,,,,,,,,,,0.0,0.0,0.0,0.0,0.0,0.0,,0.0,0.0
565,,,,,,,,,,,,,,,,0.0,0.0,0.0,0.0,0.0,0.0,,0.0,0.0
566,,,,,,,,,,,,,,,,0.0,0.0,0.0,0.0,0.0,0.0,,0.0,0.0
567,,,,,,,,,,,,,,,,0.0,0.0,0.0,0.0,0.0,0.0,,0.0,0.0
568,,,,,,,,,,,,,,,,0.0,0.0,0.0,0.0,0.0,0.0,,0.0,0.0
569,,,,,,,,,,,,,,,,,0.0,0.0,0.0,0.0,0.0,,0.0,0.0
570,,,,,,,,,,,,,,,,,0.0,0.0,0.0,0.0,0.0,,0.0,0.0
571,,,,,,,,,,,,,,,,,0.0,0.0,0.0,0.0,0.0,,0.0,0.0
572,,,,,,,,,,,,,,,,,0.0,0.0,0.0,0.0,0.0,,0.0,0.0
573,,,,,,,,,,,,,,,,,0.0,0.0,0.0,0.0,0.0,,0.0,0.0
574,,,,,,,,,,,,,,,,,0.0,0.0,0.0,0.0,0.0,,0.0,0.0
575,,,,,,,,,,,,,,,,,0.0,0.0,0.0,0.0,0.0,,0.0,0.0
576,,,,,,,,,,,,,,,,,0.0,0.0,0.0,0.0,0.0,,0.0,0.0
577,,,,,,,,,,,,,,,,,0.0,0.0,0.0,0.0,0.0,,0.0,0.0
578,,,,,,,,,,,,,,,,,0.0,0.0,0.0,0.0,0.0,,0.0,0.0
579,,,,,,,,,,,,,,,,,0.0,0.0,0.0,0.0,0.0,,0.0,0.0
580,,,,,,,,,,,,,,,,,0.0,0.0,0.0,0.0,0.0,,0.0,0.0
581,,,,,,,,,,,,,,,,,0.0,0.0,0.0,0.0,0.0,,0.0,0.0
582,,,,,,,,,,,,,,,,,0.0,0.0,,0.0,0.0,,0.0,0.0
583,,,,,,,,,,,,,,,,,0.0,0.0,,0.0,0.0,,0.0,0.0
584,,,,,,,,,,,,,,,,,0.0,0.0,,0.0,0.0,,0.0,0.0
585,,,,,,,,,,,,,,,,,0.0,0.0,,0.0,0.0,,0.0,0.0
586,,,,,,,,,,,,,,,,,0.0,0.0,,0.0,0.0,,0.0,0.0
587,,,,,,,,,,,,,,,,,,0.0,,0.0,0.0,,0.0,0.0
588,,,,,,,,,,,,,,,,,,0.0,,0.0,0.0,,0.0,0.0
589,,,,,,,,,,,,,,,,,,0.0,,0.0,0.0,,0.0,0.0
590,,,,,,,,,,,,,,,,,,0.0,,0.0,0.0,,0.0,0.0
591,,,,,,,,,,,,,,,,,,0.0,,0.0,0.0,,0.0,0.0
592,,,,,,,,,,,,,,,,,,0.0,,0.0,0.0,,0.0,0.0
593,,,,,,,,,,,,,,,,,,,,0.0,0.0,,0.0,0.0
594,,,,,,,,,,,,,,,,,,,,0.0,0.0,,0.0,0.0
595,,,,,,,,,,,,,,,,,,,,0.0,0.0,,0.0,
596,,,,,,,,,,,,,,,,,,,,0.0,0.0,,0.0,
597,,,,,,,,,,,,,,,,,,,,0.0,0.0,,0.0,
598,,,,,,,,,,,,,,,,,,,,0.0,0.0,,0.0,
599,,,,,,,,,,,,,,,,,,,,0.0,0.0,,0.0,
600,,,,,,,,,,,,,,,,,,,,0.0,0.0,,0.0,
601,,,,,,,,,,,,,,,,,,,,0.0,0.0,,0.0,
602,,,,,,,,,,,,,,,,,,,,0.0,0.0,,0.0,
603,,,,,,,,,,,,,,,,,,,,0.0,0.0,,0.0,
604,,,,,,,,,,,,,,,,,,,,0.0,0.0,,0.0,
605,,,,,,,,,,,,,,,,,,,,0.0,0.0,,0.0,
606,,,,,,,,,,,,,,,,,,,,0.0,0.0,,0.0,
607,,,,,,,,,,,,,,,,,,,,0.0,0.0,,0.0,
608,,,,,,,,,,,,,,,,,,,,0.0,0.0,,0.0,
609,,,,,,,,,,,,,,,,,,,,0.0,0.0,,0.0,
610,,,,,,,,,,,,,,,,,,,,,,,0.0,
611,,,,,,,,,,,,,,,,,,,,,,,0.0,
612,,,,,,,,,,,,,,,,,,,,,,,0.0,
613,,,,,,,,,,,,,,,,,,,,,,,0.0,
614,,,,,,,,,,,,,,,,,,,,,,,0.0,
